STUDENTID,SCORE,GRADE,ON_SMARTPHONE,ASKS_QUESTIONS,LEAVES_EARLY,LATE_IN_CLASS
65446,23.67,D,never,always,never,Yes
79686,8.41,F,never,never,rarely,Sometimes
56400,69.76,C,never,always,rarely,Never
16792,95.51,A,never,always,always,Never
92195,67.12,B,frequently,always,never,Sometimes
93635,89.55,B,never,always,never,Sometimes
37569,23.59,F,never,sometimes,always,Never
61757,30.96,D,never,sometimes,rarely,Never
72878,49.68,C,never,always,rarely,Yes
99790,95.38,A,never,always,rarely,Sometimes
66144,37.06,C,never,always,rarely,Sometimes
69243,45.16,C,never,always,rarely,Yes
26685,27.55,C,never,always,never,Sometimes
29403,90.26,A,frequently,always,always,Never
54170,74.96,B,never,sometimes,never,Never
28985,51.75,C,never,never,never,Never
65254,30.2,D,never,sometimes,never,Sometimes
30143,57.57,C,never,sometimes,always,Never
22677,39.01,D,never,always,always,Yes
90184,42.95,C,frequently,never,always,Never
94732,74.63,B,frequently,never,rarely,Never
15508,84.15,B,never,always,never,Yes
90391,40.11,D,never,sometimes,always,Never
49414,18.4,F,rarely,sometimes,always,Sometimes
91913,55.95,C,never,always,always,Sometimes
16055,52.68,C,never,sometimes,always,Yes
88540,26.07,D,never,never,never,Sometimes
76245,65.66,B,never,never,never,Never
76517,45.74,C,never,always,always,Never
70019,4.62,F,never,never,always,Never
68803,33.74,D,never,never,always,Never
35553,40.07,D,never,never,always,Never
84108,82.32,B,never,never,rarely,Never
33236,85.05,B,frequently,always,never,Yes
94586,41.87,C,never,never,never,Never
31322,40.16,D,never,always,always,Yes
20335,56.93,B,frequently,never,never,Never
22147,6.6,F,never,sometimes,always,Never
55147,68.06,C,never,always,always,Sometimes
38707,72.29,B,rarely,never,never,Never
25676,38.2,C,never,always,never,Sometimes
74800,50.65,C,never,always,rarely,Yes
99424,37.93,C,never,never,never,Sometimes
26347,88.96,B,never,always,rarely,Sometimes
61544,51.63,C,never,never,rarely,Sometimes
47276,90.04,A,frequently,sometimes,never,Never
20049,28.74,F,never,never,always,Never
86713,43.46,D,never,always,always,Never
94888,89.22,A,frequently,sometimes,always,Sometimes
62417,63.99,C,never,never,never,Never
99679,27.61,F,never,always,always,Never
52155,70.47,B,frequently,sometimes,rarely,Sometimes
96698,48.64,C,never,always,never,Never
62423,52.79,B,frequently,sometimes,rarely,Sometimes
54266,7.72,F,never,always,always,Sometimes
43935,10.28,F,never,never,never,Yes
27228,52.5,B,frequently,never,always,Yes
37838,52.31,C,never,sometimes,never,Yes
92583,43.86,D,never,sometimes,always,Sometimes
30518,44.12,C,never,always,never,Never
88887,59.31,C,never,sometimes,always,Never
84806,27.86,D,never,sometimes,rarely,Sometimes
61824,62.26,C,never,never,rarely,Yes
35418,67.74,B,rarely,sometimes,never,Never
87696,72.87,C,never,always,always,Sometimes
16782,32.96,D,never,always,never,Never
31900,25.92,D,never,always,rarely,Never
45016,49.16,C,never,always,always,Yes
74040,80.14,B,never,always,always,Sometimes
43977,28.86,D,never,sometimes,rarely,Yes
60194,8.34,F,never,sometimes,always,Yes
25682,38.43,C,never,sometimes,never,Yes
85588,36.75,D,never,sometimes,always,Sometimes
41284,89.24,B,frequently,always,rarely,Sometimes
80070,34.08,D,never,always,rarely,Sometimes
89255,21.85,D,never,sometimes,rarely,Sometimes
37964,7.52,F,rarely,always,always,Sometimes
27195,46.81,C,never,never,always,Sometimes
49254,34.27,D,never,always,never,Never
64210,72.23,B,never,always,never,Never
82226,15.73,F,rarely,always,rarely,Never
27416,98.87,A,frequently,sometimes,never,Sometimes
15897,64.77,C,never,never,rarely,Sometimes
30146,23.91,F,never,sometimes,always,Yes
33473,60.62,C,never,never,always,Never
72454,89.39,B,frequently,always,never,Sometimes
70538,25.13,F,never,always,always,Never
48959,42.3,D,never,never,always,Sometimes
86144,63.22,C,never,sometimes,never,Never
26019,87.7,A,rarely,never,never,Sometimes
23888,4.93,F,never,never,always,Never
55307,23.97,D,never,always,never,Sometimes
51754,43.9,D,never,never,always,Yes
32676,58.27,C,never,sometimes,never,Never
33733,67.89,C,never,always,always,Sometimes
61153,42.38,C,never,always,never,Yes
10605,94.4,A,frequently,always,rarely,Sometimes
48527,28.8,D,never,sometimes,never,Yes
81385,28.55,D,never,never,always,Sometimes
67752,77.02,A,frequently,never,always,Yes
58739,27.33,F,never,always,always,Yes
38305,33.75,D,never,sometimes,rarely,Never
98027,82.99,B,never,always,always,Yes
34133,56.11,C,never,sometimes,never,Sometimes
40358,71.73,B,never,never,rarely,Never
12638,30.05,D,never,sometimes,always,Yes
74054,22.23,F,never,always,always,Sometimes
89550,4.85,F,never,always,always,Never
91350,31.19,D,never,always,never,Sometimes
98557,20.68,D,never,sometimes,rarely,Yes
56888,71.53,B,frequently,sometimes,rarely,Sometimes
41006,31.84,D,frequently,sometimes,never,Never
61752,58.47,C,never,always,never,Never
13236,39.64,C,never,sometimes,rarely,Yes
51232,75.48,B,rarely,sometimes,always,Sometimes
29976,31.97,D,never,never,always,Yes
77799,37.87,C,never,sometimes,never,Never
80653,84.52,B,never,never,always,Yes
47777,18.99,F,rarely,always,always,Sometimes
82043,72.93,B,never,always,never,Never
27865,50.45,C,never,always,rarely,Never
32439,64.73,C,never,always,rarely,Sometimes
23362,32.42,D,never,never,never,Yes
48416,36.39,C,never,always,never,Never
14314,74.22,B,never,always,always,Yes
73068,60.68,C,never,always,always,Never
56041,54.17,C,never,never,never,Sometimes
76003,97.03,A,frequently,always,always,Sometimes
52944,1.38,F,never,always,rarely,Sometimes
46029,10.55,F,never,never,rarely,Sometimes
40361,68.8,B,never,sometimes,rarely,Yes
48770,65.11,B,rarely,sometimes,rarely,Sometimes
81126,74.49,B,never,always,rarely,Sometimes
66421,38.77,C,never,always,never,Never
47991,49.86,C,never,always,never,Sometimes
45679,65.09,B,never,sometimes,never,Yes
59276,86.06,B,frequently,always,rarely,Yes
55524,61.73,C,rarely,never,always,Never
79312,28.91,D,never,always,never,Never
53279,4.89,F,never,never,never,Sometimes
42738,35.4,C,never,always,rarely,Yes
35120,19.51,F,rarely,never,rarely,Never
92789,41.62,D,never,always,always,Yes
44374,17.47,F,never,sometimes,rarely,Sometimes
80473,43.29,C,never,sometimes,rarely,Never
13367,87.87,A,frequently,sometimes,never,Yes
44671,29.95,D,never,never,rarely,Sometimes
22420,7.05,F,rarely,sometimes,never,Never
88521,60.52,B,frequently,never,always,Never
73273,40.78,D,rarely,sometimes,always,Sometimes
43580,53.91,C,never,never,never,Never
81589,55.63,C,never,sometimes,always,Yes
46201,51.91,C,never,sometimes,never,Yes
88370,79.69,B,rarely,sometimes,rarely,Yes
86087,62.36,B,frequently,never,rarely,Sometimes
12106,13.18,F,never,never,never,Never
29876,37.57,C,never,sometimes,never,Never
62935,48.77,C,never,never,rarely,Sometimes
31609,22.02,D,never,sometimes,never,Sometimes
31436,70.18,B,rarely,sometimes,never,Never
86653,51.78,C,never,sometimes,rarely,Sometimes
58179,62.26,C,rarely,sometimes,rarely,Yes
21304,27.92,D,never,never,rarely,Never
65266,94.13,A,frequently,never,never,Never
56267,10.34,F,never,always,always,Never
42720,78.72,B,never,always,rarely,Sometimes
65143,27.81,F,never,never,always,Sometimes
63406,28,D,never,always,always,Never
25949,36.3,D,never,sometimes,always,Sometimes
51639,75.5,B,never,always,always,Sometimes
86177,31.22,D,never,never,never,Sometimes
71576,28.66,D,never,never,never,Sometimes
60872,33.88,D,never,always,never,Sometimes
44587,38.25,C,never,always,rarely,Sometimes
87470,65.58,C,never,always,always,Yes
25450,65.86,C,never,always,never,Never
32696,72.93,C,never,always,rarely,Never
75696,29.85,D,never,sometimes,never,Yes
62469,92.68,A,frequently,always,always,Yes
67309,37.01,C,never,sometimes,never,Never
90922,44.31,C,never,sometimes,never,Sometimes
11790,25.97,D,never,sometimes,always,Never
51402,13.16,F,never,never,rarely,Yes
63877,34.86,D,never,never,rarely,Never
46019,68.38,C,never,always,always,Yes
57346,80.64,B,never,always,rarely,Yes
76841,18.74,F,rarely,never,never,Yes
24870,39.64,C,never,sometimes,rarely,Never
69097,74.9,B,never,always,never,Yes
84434,23.3,F,never,never,always,Sometimes
91307,22.31,D,never,sometimes,rarely,Yes
59985,82.5,A,frequently,never,always,Sometimes
81598,68.08,C,never,always,rarely,Sometimes
12207,16.69,F,never,always,always,Yes
31125,97.51,A,rarely,never,always,Yes
85447,71.53,B,rarely,never,rarely,Yes
45412,69.15,C,never,always,never,Yes
84601,88,A,frequently,never,rarely,Never
79957,1.12,F,never,never,always,Never
24432,68.13,B,rarely,sometimes,never,Sometimes
89439,53.39,C,never,sometimes,never,Sometimes
90824,20.32,D,never,never,never,Never
61440,72.04,B,frequently,sometimes,always,Never
83596,83.94,B,never,always,always,Sometimes
64865,87.18,B,never,always,always,Sometimes
36917,27.9,D,frequently,never,rarely,Sometimes
36502,33.79,D,never,never,never,Never
55045,59.97,C,never,always,never,Yes
63209,83.09,B,never,never,rarely,Sometimes
85079,60.17,C,never,never,rarely,Never
12899,26.68,F,never,sometimes,always,Yes
13790,48.33,C,never,never,never,Sometimes
75041,60.6,C,never,always,never,Yes
57269,13.31,F,never,sometimes,never,Never
95775,36.03,C,never,never,rarely,Yes
47199,30.13,D,frequently,sometimes,always,Yes
64153,41.01,C,never,never,never,Sometimes
41036,64.41,C,never,never,rarely,Never
23247,49.1,C,never,sometimes,always,Yes
44232,8.92,F,never,always,never,Never
49077,1.22,F,never,always,rarely,Never
16254,20.49,D,rarely,sometimes,never,Sometimes
23715,41.21,D,never,never,always,Never
33309,66.72,B,never,sometimes,rarely,Never
46086,65.98,B,never,always,never,Sometimes
23387,6.26,F,rarely,sometimes,never,Sometimes
35081,55.83,C,never,never,never,Never
83443,73.57,B,rarely,sometimes,always,Yes
89753,29.07,D,never,never,rarely,Sometimes
30797,53.1,C,always,sometimes,never,Never
49716,67.96,B,never,sometimes,always,Never
28012,45.67,C,never,always,always,Sometimes
52992,32.63,D,never,always,always,Yes
34593,49.24,C,never,always,always,Yes
86332,13.11,F,never,never,rarely,Sometimes
58010,21.28,D,never,sometimes,never,Yes
31036,57.02,C,never,sometimes,always,Sometimes
73602,81.02,A,frequently,never,always,Yes
10544,42.15,D,rarely,sometimes,always,Sometimes
75483,34.73,D,rarely,never,never,Never
90017,41.72,D,never,never,always,Never
85762,81.42,B,never,always,rarely,Yes
96409,65.64,B,rarely,sometimes,never,Yes
43631,71.32,B,never,always,always,Yes
38231,79.7,B,never,always,always,Sometimes
46281,70.86,B,frequently,sometimes,never,Sometimes
97247,35.57,C,frequently,sometimes,never,Never
41094,24.76,D,never,always,never,Never
33772,77.94,B,never,never,always,Yes
55857,65.12,B,rarely,never,never,Sometimes
60986,74.12,B,rarely,sometimes,rarely,Never
65436,19.61,F,never,always,always,Sometimes
95132,72.06,B,never,always,never,Never
76029,42.85,D,never,sometimes,always,Never
23518,8.27,F,never,always,always,Never
50680,80.01,A,frequently,never,never,Yes
46516,63,C,never,never,never,Sometimes
90660,66.59,B,never,never,rarely,Never
80041,70.42,B,rarely,never,rarely,Never
74372,65.44,B,frequently,sometimes,rarely,Yes
94205,79.15,A,frequently,never,always,Never
69824,60.6,C,never,sometimes,always,Never
46666,57.71,C,never,always,rarely,Never
39443,67.53,B,never,always,always,Sometimes
43592,61.84,C,never,always,rarely,Yes
10288,39.96,C,never,always,never,Never
53890,47.8,C,never,never,rarely,Sometimes
39743,9.31,F,never,sometimes,rarely,Sometimes
57017,41.63,C,never,always,never,Never
27391,42.23,C,never,always,never,Sometimes
96929,85.52,A,rarely,never,rarely,Sometimes
52883,29.55,F,never,never,always,Yes
49324,70.81,B,never,never,always,Never
46932,46.84,C,never,sometimes,always,Yes
47565,11.78,F,never,sometimes,rarely,Yes
35502,56.54,C,never,sometimes,never,Never
94724,32.86,D,never,never,never,Never
26335,26.37,D,never,never,never,Sometimes
62649,44.56,C,never,never,rarely,Never
88769,46.36,C,never,always,rarely,Yes
26370,84.99,B,never,never,rarely,Yes
37244,43.62,C,never,always,rarely,Never
68484,75.47,B,rarely,never,never,Never
15923,67.56,B,frequently,sometimes,always,Yes
81439,45.64,C,never,sometimes,rarely,Yes
18389,15.39,F,never,always,always,Never
57146,47.63,C,never,always,rarely,Yes
64602,39.43,F,never,always,always,Never
29161,50.12,C,never,always,rarely,Never
85723,42.17,D,never,never,always,Sometimes
32279,61.94,C,never,sometimes,never,Yes
41711,81.6,A,frequently,never,always,Sometimes
10847,87.18,A,never,always,rarely,Yes
41073,48.34,C,never,always,never,Never
43511,12.77,F,rarely,sometimes,rarely,Sometimes
44473,19.73,F,never,sometimes,always,Never
83444,37.09,D,frequently,sometimes,always,Sometimes
62395,50.4,C,never,always,never,Never
39254,17.94,F,never,sometimes,never,Sometimes
93338,60.64,C,never,never,rarely,Never
78703,91.97,A,frequently,sometimes,never,Yes
27852,9.95,F,rarely,never,always,Sometimes
31166,30.24,D,never,sometimes,rarely,Never
17464,36.38,C,never,always,rarely,Yes
68228,45.63,C,never,never,rarely,Sometimes
88965,42.08,C,rarely,never,rarely,Yes
34890,51.13,C,never,always,always,Never
98665,64.12,C,never,sometimes,never,Sometimes
16402,64.32,C,never,sometimes,never,Yes
31784,31.25,D,never,sometimes,always,Sometimes
98774,54.42,C,never,sometimes,never,Sometimes
53021,7.16,F,never,sometimes,never,Yes
57706,4.34,F,rarely,always,rarely,Never
22008,45.63,C,never,sometimes,never,Sometimes
65383,86.65,A,never,never,never,Never
24693,47.99,C,never,sometimes,rarely,Yes
70445,61.9,C,never,sometimes,rarely,Sometimes
91220,45.71,C,never,always,rarely,Yes
83170,25.89,F,never,never,always,Yes
17602,71.56,B,frequently,sometimes,never,Never
35016,56.76,C,never,always,never,Sometimes
31836,56.18,C,never,always,always,Sometimes
96840,73.14,B,never,always,never,Sometimes
56493,21.61,F,never,never,always,Yes
88766,70.51,B,rarely,sometimes,never,Yes
38589,14.71,F,never,always,never,Sometimes
21130,43.42,D,never,never,always,Yes
80096,37.03,C,rarely,sometimes,never,Sometimes
66073,40.2,D,frequently,sometimes,always,Never
79291,53.18,C,never,sometimes,never,Yes
48933,31.53,D,never,always,rarely,Sometimes
22119,69.61,C,never,always,never,Yes
71489,51.6,C,never,never,always,Never
21605,14.64,F,rarely,sometimes,always,Yes
78710,98.97,A,frequently,always,never,Yes
63046,39.94,D,never,always,always,Yes
16243,57.47,C,never,sometimes,rarely,Sometimes
51439,93.09,A,frequently,always,always,Yes
50303,53.95,C,never,sometimes,always,Never
91584,46.37,C,never,always,rarely,Sometimes
86090,11.29,F,never,always,rarely,Never
26331,58.38,C,never,never,rarely,Sometimes
76607,73.08,B,frequently,sometimes,never,Yes
82885,37.93,D,never,always,always,Never
48595,64.64,C,never,always,rarely,Never
77659,71.43,B,never,never,always,Sometimes
46271,45.4,C,never,never,rarely,Never
20550,18.44,F,never,always,never,Sometimes
96789,52.53,C,never,never,rarely,Sometimes
65239,23.33,D,never,never,always,Never
46486,11.83,F,never,always,rarely,Yes
46478,52.31,C,never,always,rarely,Never
90055,92.26,A,never,always,always,Sometimes
49687,93.97,A,never,sometimes,never,Never
56444,33.01,D,never,always,rarely,Never
22997,7.19,F,never,sometimes,always,Never
57225,85.19,A,frequently,sometimes,rarely,Sometimes
60462,65.96,B,frequently,never,rarely,Sometimes
78608,47.45,C,never,always,rarely,Never
27277,82.35,A,frequently,sometimes,never,Yes
95390,97.28,A,frequently,always,never,Never
52029,38.91,C,never,always,rarely,Sometimes
39130,41.65,D,never,sometimes,always,Yes
82608,77.89,B,never,always,always,Never
82359,11.82,F,never,always,rarely,Yes
79915,62.28,C,never,never,rarely,Never
40810,40.08,D,rarely,sometimes,always,Sometimes
29059,47.21,C,rarely,never,rarely,Never
26940,34.92,D,never,sometimes,rarely,Yes
19816,29.98,D,never,sometimes,never,Sometimes
96367,63.66,C,never,sometimes,never,Yes
31553,10.61,F,rarely,always,rarely,Sometimes
11016,88.78,A,never,never,always,Yes
59796,71.24,B,never,never,always,Yes
61318,52.36,C,never,sometimes,always,Never
63073,12.38,F,never,sometimes,rarely,Yes
16874,22.39,D,never,sometimes,always,Never
86726,42.15,D,never,always,always,Sometimes
98084,57.71,C,never,sometimes,never,Yes
39822,23.96,D,never,sometimes,never,Sometimes
97233,60.2,C,never,sometimes,rarely,Never
26990,42.34,C,never,sometimes,rarely,Sometimes
97428,71.75,B,never,always,never,Sometimes
69290,25.47,D,never,always,rarely,Never
44958,15.23,F,never,never,always,Yes
84727,29.47,D,never,never,rarely,Yes
34806,73.54,B,never,always,always,Yes
88125,49.46,C,never,never,never,Sometimes
11211,76.66,B,never,never,never,Sometimes
49552,3.68,F,never,never,always,Never
75942,82.33,B,never,always,always,Yes
71774,43.97,C,never,always,rarely,Yes
32502,23.22,D,never,always,rarely,Yes
62597,45.77,C,never,sometimes,never,Sometimes
32306,83.91,B,never,always,always,Yes
74453,50.36,C,never,sometimes,never,Yes
67849,12.29,F,never,always,never,Sometimes
26769,27.88,D,never,sometimes,rarely,Yes
88593,58.43,C,never,sometimes,never,Sometimes
99579,62.8,C,rarely,sometimes,never,Never
19846,26.42,D,never,always,never,Never
42481,20.92,D,never,sometimes,never,Never
60535,80.75,B,rarely,never,rarely,Yes
24404,70.88,B,never,sometimes,always,Yes
89587,95.57,A,frequently,sometimes,rarely,Never
60889,41.19,D,frequently,never,always,Never
87229,54.49,C,never,never,always,Sometimes
69880,86.43,A,frequently,sometimes,never,Never
20855,35.06,C,never,sometimes,rarely,Never
48221,19.74,F,rarely,sometimes,always,Yes
77165,14.41,F,rarely,sometimes,always,Sometimes
14741,44.69,D,never,always,always,Never
58272,56.64,C,never,sometimes,always,Yes
58931,66.78,B,frequently,sometimes,never,Yes
85497,50.2,C,never,never,rarely,Sometimes
82998,41.63,C,never,never,never,Sometimes
36347,18.24,F,never,always,rarely,Yes
76718,44.96,C,never,always,rarely,Never
20225,4.94,F,frequently,never,never,Yes
28748,36.58,C,never,always,never,Yes
47187,78.83,B,frequently,sometimes,rarely,Yes
36269,60.54,C,never,never,never,Never
51981,12.37,F,rarely,sometimes,never,Never
66104,22.1,F,frequently,never,always,Sometimes
71279,93.11,A,frequently,always,never,Never
34162,80.72,B,never,sometimes,always,Yes
98457,50.52,C,never,sometimes,never,Yes
61491,33.11,D,never,always,rarely,Sometimes
54269,20.64,D,never,always,rarely,Sometimes
90568,50.13,C,never,sometimes,rarely,Sometimes
15971,97.85,A,frequently,never,never,Never
19142,41.89,C,never,sometimes,always,Sometimes
99229,59.69,C,never,always,rarely,Sometimes
13673,36.77,D,never,sometimes,always,Yes
70138,56.26,C,never,always,rarely,Sometimes
53343,39.03,C,never,sometimes,rarely,Sometimes
25270,34.78,D,never,never,never,Never
96820,46.59,C,frequently,sometimes,never,Yes
49928,85.48,A,frequently,never,never,Never
18043,33.44,D,never,sometimes,never,Yes
38623,86.24,A,never,sometimes,never,Sometimes
16821,53.01,C,never,never,rarely,Yes
39063,52.07,C,never,never,rarely,Never
17025,64.57,C,never,sometimes,never,Yes
27530,43.17,D,rarely,sometimes,always,Never
15692,24.2,D,never,always,rarely,Sometimes
38596,23.97,D,never,always,always,Sometimes
22635,55,C,never,always,rarely,Yes
27742,8.03,F,never,never,always,Never
40135,13.38,F,never,never,never,Yes
52635,50.96,C,never,sometimes,never,Yes
11621,71.85,B,never,always,always,Yes
77397,45.69,C,never,never,always,Sometimes
26112,11.06,F,never,never,never,Never
95956,40.02,C,never,always,never,Never
53469,3.17,F,rarely,sometimes,never,Yes
18851,23.92,D,never,always,never,Never
50254,44.76,D,never,never,always,Yes
39150,51.55,C,never,never,always,Yes
75175,43.35,C,never,always,never,Never
25028,43.72,C,never,sometimes,always,Yes
78397,23.82,F,frequently,never,always,Never
21894,71.3,B,never,always,never,Yes
59443,26.12,D,never,always,rarely,Yes
62877,43.74,C,never,never,never,Yes
56954,34,D,never,always,rarely,Yes
20891,7.7,F,frequently,never,rarely,Never
56131,33.87,D,never,never,never,Sometimes
47520,47,C,never,always,never,Sometimes
80599,17.83,F,never,never,rarely,Yes
94686,65.85,B,frequently,sometimes,never,Never
60163,98.87,A,frequently,sometimes,rarely,Yes
56445,6.05,F,never,always,always,Yes
96625,23.61,D,never,always,never,Sometimes
95494,33.25,D,never,always,never,Yes
31765,58.71,C,never,always,rarely,Never
76010,81.58,B,rarely,sometimes,rarely,Sometimes
30046,38.2,C,never,sometimes,rarely,Yes
72996,87.11,A,rarely,sometimes,always,Never
45438,25.5,D,never,sometimes,rarely,Yes
93232,47.33,C,frequently,never,rarely,Yes
46225,54.55,C,never,always,rarely,Sometimes
66017,72.82,B,rarely,never,never,Sometimes
66754,67.51,B,rarely,sometimes,always,Yes
14193,41.55,C,never,sometimes,never,Yes
58207,53.01,C,never,sometimes,never,Sometimes
91959,56.57,B,frequently,never,never,Yes
74708,53.05,C,rarely,sometimes,always,Sometimes
48140,49.54,C,never,always,always,Never
99684,76.88,B,never,always,always,Never
73741,39.65,C,never,always,never,Never
78524,52.63,C,never,sometimes,never,Sometimes
36367,64.84,C,never,always,rarely,Never
91963,84.3,B,never,always,always,Sometimes
90151,56.47,C,never,never,always,Never
13991,51.04,C,never,always,rarely,Never
39423,21.59,D,never,sometimes,rarely,Never
85149,41.38,D,never,never,always,Never
57536,87.62,A,frequently,sometimes,never,Yes
28366,86.2,A,never,sometimes,never,Yes
97235,36.4,D,never,always,always,Yes
52450,67.9,B,rarely,sometimes,rarely,Never
40545,14.78,F,never,never,rarely,Sometimes
35961,17.43,F,never,always,never,Sometimes
39960,41.24,C,rarely,never,never,Yes
24867,41.21,C,never,never,rarely,Never
20526,41.77,D,never,sometimes,always,Sometimes
33387,50.53,C,never,sometimes,always,Sometimes
28744,10.65,F,rarely,never,never,Never
65198,82.62,B,rarely,sometimes,never,Never
73939,49.36,C,never,never,never,Yes
78490,53.4,C,never,always,always,Sometimes
52040,8.68,F,never,sometimes,rarely,Sometimes
44894,72.94,B,never,sometimes,rarely,Sometimes
24047,18.87,F,never,never,rarely,Never
29334,43.53,D,never,always,always,Sometimes
99132,42.01,D,rarely,never,always,Sometimes
66067,71.39,B,never,never,always,Sometimes
59151,70.4,B,never,always,always,Sometimes
36074,34.92,D,never,sometimes,rarely,Yes
37665,50.02,C,never,always,always,Never
47692,95.33,A,frequently,always,rarely,Yes
49388,31.3,D,frequently,sometimes,always,Never
54370,23.12,D,never,never,never,Never
15411,85.32,A,frequently,never,always,Never
60518,42.4,C,never,never,always,Yes
10174,17.55,F,never,never,always,Never
28737,53.52,C,never,never,always,Yes
49645,62.34,C,never,sometimes,always,Never
67880,53.46,C,never,always,never,Sometimes
53333,36.56,C,never,always,never,Yes
82019,83.2,B,frequently,never,always,Sometimes
33579,92.01,A,never,never,never,Never
70025,36.91,C,never,always,rarely,Sometimes
74995,76.95,B,never,never,always,Never
96887,30.47,D,never,always,always,Sometimes
47056,53.11,C,never,always,always,Never
89632,29.06,D,never,sometimes,never,Sometimes
25944,91.34,A,never,sometimes,rarely,Never
17220,68.27,B,rarely,sometimes,always,Yes
28887,80.24,A,frequently,never,always,Yes
39788,19.9,F,never,always,rarely,Never
31890,98.6,A,frequently,sometimes,always,Never
52544,28.82,D,never,always,rarely,Sometimes
31490,20.75,D,never,never,rarely,Yes
75414,94.51,A,frequently,sometimes,rarely,Sometimes
12414,66.66,B,rarely,never,never,Yes
85043,21.37,D,never,sometimes,always,Never
60358,63.34,C,never,always,always,Sometimes
33316,45.64,C,never,always,always,Never
92890,53.39,B,frequently,never,always,Never
94650,94.89,A,frequently,never,never,Sometimes
14313,31.31,D,never,never,rarely,Never
79091,47.25,C,never,always,never,Yes
92722,6.09,F,never,always,never,Yes
49329,36.03,D,never,always,always,Yes
10638,3.08,F,never,sometimes,never,Yes
90896,95.42,A,never,never,always,Never
28107,69.42,B,rarely,never,always,Sometimes
97735,71.55,B,never,always,always,Sometimes
20950,39.48,C,never,always,never,Never
71658,49.51,C,never,sometimes,rarely,Never
16108,46.09,C,never,sometimes,never,Never
49265,31.81,D,never,always,always,Never
56560,40.96,C,never,always,never,Sometimes
15653,22.13,D,never,always,never,Never
53532,81.04,B,never,always,never,Never
45592,40.61,C,never,sometimes,never,Yes
78964,58.18,C,never,always,always,Sometimes
60235,41.84,C,never,always,never,Never
92574,8.25,F,never,always,never,Never
22095,5.19,F,never,sometimes,always,Sometimes
15328,63.97,C,never,sometimes,always,Never
87216,74.48,B,never,sometimes,rarely,Never
82400,72.62,B,never,always,always,Yes
55618,31.53,D,never,never,always,Yes
46140,8.43,F,never,sometimes,never,Never
83289,52.26,C,never,always,rarely,Sometimes
69723,43.25,C,never,sometimes,never,Yes
23495,69.86,C,never,always,always,Sometimes
77947,98.06,A,frequently,sometimes,rarely,Never
20788,24.88,F,never,always,always,Sometimes
57663,84.23,B,rarely,never,always,Yes
19043,88.26,A,rarely,sometimes,rarely,Sometimes
36341,78.21,B,never,always,rarely,Yes
29927,22.01,D,never,always,rarely,Sometimes
83189,29.94,F,never,always,always,Yes
91149,15.87,F,never,sometimes,never,Sometimes
94762,39.35,C,never,never,never,Sometimes
31770,85.65,A,never,never,always,Yes
18060,42.87,D,never,always,always,Yes
55420,58.51,C,never,always,rarely,Yes
44920,36.77,F,never,always,always,Sometimes
46572,26.03,F,never,always,always,Yes
85514,25.56,D,never,always,rarely,Never
62176,54.04,B,frequently,sometimes,rarely,Never
82705,67.48,C,never,always,never,Yes
17012,4.28,F,rarely,sometimes,never,Sometimes
71423,39.02,C,never,always,never,Never
80389,18.8,F,never,sometimes,never,Yes
93762,5.99,F,never,sometimes,rarely,Yes
24852,49.23,C,never,sometimes,always,Yes
71850,7.58,F,never,never,rarely,Yes
26642,45.86,C,never,never,always,Sometimes
34166,63.52,B,frequently,never,never,Never
96349,53.91,C,never,always,rarely,Sometimes
75373,54.3,C,never,always,always,Sometimes
80315,39.72,C,frequently,sometimes,never,Sometimes
45868,74.15,B,never,always,never,Never
17456,55.4,C,never,never,rarely,Sometimes
34633,29.98,F,never,sometimes,always,Yes
80489,46.51,C,never,sometimes,always,Yes
17103,73.86,B,frequently,sometimes,never,Never
31808,56.22,C,never,always,always,Yes
79968,82.05,B,never,sometimes,never,Sometimes
23813,50.74,C,never,sometimes,rarely,Sometimes
35743,51.28,C,never,always,never,Never
51221,49.36,C,never,sometimes,never,Yes
24946,84.18,B,never,always,never,Yes
64689,70.66,B,never,sometimes,always,Never
91914,90.73,A,frequently,never,rarely,Sometimes
38928,92.54,A,never,sometimes,never,Sometimes
80666,69.3,B,never,always,always,Sometimes
20909,29.56,D,never,sometimes,always,Sometimes
37931,35.16,C,never,always,never,Never
67838,60.46,C,never,never,never,Yes
52474,75.85,B,frequently,never,never,Never
41508,25.74,F,never,always,always,Never
81634,44.5,C,rarely,sometimes,never,Sometimes
46748,98.64,A,frequently,sometimes,never,Sometimes
76430,72.41,B,frequently,sometimes,rarely,Never
71873,39.83,C,never,sometimes,rarely,Sometimes
50979,56.13,C,never,never,always,Sometimes
29889,91.8,A,frequently,always,rarely,Sometimes
76483,34.87,D,never,always,always,Sometimes
24861,25.36,D,never,sometimes,never,Sometimes
67385,46.16,C,never,never,never,Sometimes
40917,51.34,B,frequently,never,rarely,Never
46048,41.38,D,frequently,never,always,Yes
57965,37.5,C,never,never,rarely,Sometimes
97935,61.23,C,never,always,rarely,Never
68054,9.05,F,never,always,rarely,Sometimes
75290,53.03,B,frequently,never,never,Sometimes
20238,88.24,A,frequently,sometimes,always,Never
82432,87.94,B,frequently,always,always,Never
26506,80.31,B,rarely,sometimes,always,Sometimes
43105,71.82,B,frequently,sometimes,never,Never
70883,23.74,F,never,sometimes,always,Never
69715,32.67,D,never,never,rarely,Sometimes
18016,9.53,F,rarely,never,never,Never
90181,61.74,C,never,never,rarely,Sometimes
20713,49.73,C,never,always,rarely,Sometimes
96733,48.95,C,never,always,never,Yes
83599,97.72,A,frequently,never,rarely,Sometimes
22068,80.02,B,never,always,always,Yes
21135,89.66,B,frequently,always,rarely,Sometimes
29899,83.14,B,never,never,always,Never
87578,55.45,C,never,never,always,Yes
97846,63.58,C,never,always,always,Never
80647,59.93,C,never,sometimes,rarely,Sometimes
54924,97.17,A,frequently,never,always,Sometimes
99572,20.17,F,never,sometimes,always,Never
23328,43.1,C,rarely,sometimes,never,Sometimes
95578,45.98,C,rarely,sometimes,never,Sometimes
84573,36.2,D,never,never,always,Never
71984,15.87,F,never,sometimes,rarely,Sometimes
89487,52.92,C,never,sometimes,never,Yes
66368,25.59,D,never,sometimes,never,Sometimes
40391,80.65,B,never,always,always,Sometimes
19255,86.15,A,frequently,never,always,Yes
36497,16.12,F,never,never,never,Yes
15531,25.82,D,never,never,never,Never
40978,37.54,C,never,always,never,Yes
78288,8.74,F,never,never,always,Yes
88337,28.14,D,never,always,never,Yes
91553,67.41,C,never,always,rarely,Yes
15044,18.02,F,rarely,sometimes,rarely,Yes
84920,42.79,C,never,always,never,Never
32788,56.66,C,never,never,rarely,Never
57784,64.25,C,never,always,always,Never
29767,34.24,D,never,always,never,Sometimes
24375,59.83,C,never,always,rarely,Sometimes
10844,40.23,C,never,always,never,Sometimes
29858,95.06,A,rarely,never,never,Yes
86538,78,B,never,always,always,Sometimes
99766,26.67,D,never,always,rarely,Yes
59285,28.09,F,never,always,always,Yes
92758,96.21,A,frequently,always,never,Yes
32588,50.6,C,never,always,never,Yes
81647,32.3,D,never,sometimes,never,Yes
97928,48.99,C,never,sometimes,never,Yes
99865,5.68,F,rarely,always,never,Sometimes
16430,32.33,D,never,always,rarely,Yes
84963,58.14,C,never,never,rarely,Sometimes
74952,8.83,F,rarely,always,rarely,Sometimes
68775,81.37,B,never,sometimes,rarely,Yes
70780,72.84,B,frequently,sometimes,never,Yes
61265,52.02,C,never,never,always,Sometimes
19972,50.5,C,never,always,rarely,Yes
35816,66.46,C,never,always,rarely,Never
39845,95.16,A,frequently,never,never,Sometimes
68645,42.46,C,never,always,rarely,Yes
28865,42.27,C,never,never,never,Never
47141,51.28,C,never,never,rarely,Yes
58671,34.01,D,never,always,rarely,Never
87651,17.2,F,never,sometimes,never,Sometimes
74926,56.21,C,rarely,never,never,Yes
13031,2.69,F,never,always,rarely,Never
70017,45.02,C,never,sometimes,always,Never
79333,40.84,C,never,always,never,Never
71369,13.48,F,never,never,never,Sometimes
56461,92.1,A,frequently,never,never,Sometimes
60977,76.06,B,never,always,rarely,Yes
31407,51.01,C,never,sometimes,always,Sometimes
74889,45.8,C,never,sometimes,rarely,Sometimes
83915,43.53,D,never,never,always,Never
23634,82.39,B,never,always,rarely,Never
82208,19.75,F,never,never,rarely,Sometimes
98741,51.34,C,never,never,always,Yes
98789,78.94,B,frequently,sometimes,never,Never
81779,40.29,C,never,always,never,Yes
91664,56.51,C,never,never,rarely,Yes
46501,52.33,C,rarely,sometimes,never,Yes
86097,43.78,D,never,always,always,Never
80476,92.57,A,never,sometimes,always,Yes
54845,69.76,B,frequently,sometimes,never,Sometimes
75943,54.29,C,never,sometimes,rarely,Never
93968,78.66,B,never,always,always,Never
77046,3.7,F,never,sometimes,never,Never
99769,37.5,C,never,always,rarely,Never
13154,84.56,B,never,never,never,Never
53414,38.19,C,never,sometimes,never,Never
63349,89.91,A,frequently,never,rarely,Sometimes
36633,67.59,C,never,always,never,Yes
49578,36.6,D,never,never,always,Sometimes
86191,18.47,F,frequently,never,always,Sometimes
94868,57.48,C,never,never,never,Never
86774,15.99,F,never,always,always,Never
14431,47.32,C,never,always,rarely,Yes
18889,74.56,B,frequently,sometimes,never,Yes
97207,44.76,C,never,always,never,Sometimes
49743,27.71,D,never,sometimes,never,Yes
46045,33.94,D,never,sometimes,rarely,Never
51835,48.48,C,never,always,always,Sometimes
43297,84.8,B,frequently,never,rarely,Yes
92711,26.27,D,rarely,sometimes,rarely,Yes
90982,40.02,D,frequently,never,always,Never
24744,19.23,F,never,sometimes,always,Sometimes
17868,62.29,C,never,never,always,Never
42723,30.56,D,frequently,sometimes,always,Never
36121,46.07,C,frequently,never,rarely,Never
22116,71.92,B,rarely,never,never,Never
29758,49.46,C,never,sometimes,always,Never
88841,69.84,C,never,always,rarely,Sometimes
38984,59.7,C,rarely,never,rarely,Never
23507,17.42,F,rarely,sometimes,rarely,Never
83533,95.76,A,never,always,always,Sometimes
69220,31.59,F,never,sometimes,always,Yes
45987,17.29,F,rarely,sometimes,rarely,Yes
56454,34.1,D,rarely,sometimes,always,Yes
83638,92.11,A,frequently,sometimes,rarely,Never
78780,61.26,C,never,never,always,Never
15230,33.53,D,never,always,always,Sometimes
71724,8.7,F,rarely,never,always,Sometimes
30840,77.79,B,never,always,never,Yes
50827,40.14,C,never,always,never,Never
72152,75.33,B,rarely,sometimes,never,Yes
54090,17.64,F,never,never,always,Yes
83605,35.99,D,never,always,always,Yes
75487,78.31,B,never,always,never,Yes
53869,34.09,D,never,always,never,Sometimes
59896,69.91,B,never,always,always,Yes
18442,20.76,D,never,sometimes,never,Never
66815,51.97,C,never,always,rarely,Never
62300,68.76,B,never,sometimes,never,Yes
62337,56.81,C,never,always,never,Sometimes
44907,17.61,F,never,always,rarely,Sometimes
48878,60.95,C,never,sometimes,never,Yes
63644,72.81,C,never,always,always,Never
59013,29.18,D,never,sometimes,never,Yes
75452,51.92,C,never,never,rarely,Sometimes
42268,66.14,C,never,always,never,Never
94084,54.96,C,never,never,always,Yes
16489,18.5,F,never,sometimes,rarely,Yes
58408,32.61,D,never,never,rarely,Yes
51697,63.48,C,never,always,rarely,Yes
15963,84.61,B,never,always,always,Never
32217,41.68,C,never,sometimes,always,Sometimes
90972,33.65,D,never,never,rarely,Yes
48057,27.16,D,never,sometimes,rarely,Yes
67680,47.91,C,never,never,never,Never
41724,62.15,C,never,sometimes,always,Never
81429,69.96,B,rarely,never,rarely,Never
67134,21.86,D,never,never,never,Sometimes
99410,12.25,F,rarely,sometimes,always,Yes
22566,28.04,D,never,always,never,Yes
89857,86.67,A,frequently,sometimes,always,Yes
28852,29.96,D,never,never,always,Yes
67231,64.96,C,never,sometimes,rarely,Yes
43550,55.7,C,never,always,always,Sometimes
38883,26.7,F,never,always,always,Sometimes
13084,64.79,C,never,sometimes,never,Sometimes
33526,93.03,A,never,always,always,Never
37182,65.24,B,frequently,sometimes,always,Sometimes
94206,59.93,C,never,always,always,Sometimes
49195,11.88,F,rarely,never,always,Never
27610,67.53,C,never,always,rarely,Never
59043,34.41,D,never,never,never,Sometimes
81484,67.37,C,never,always,never,Never
90369,44.15,C,frequently,sometimes,rarely,Never
87227,31.18,D,never,sometimes,rarely,Sometimes
61443,14.66,F,rarely,always,rarely,Sometimes
52896,66,C,never,always,always,Yes
38113,59.22,C,never,always,never,Sometimes
20230,4.56,F,rarely,sometimes,never,Yes
64043,42.27,C,never,sometimes,never,Never
53937,61.86,C,never,never,never,Yes
71100,52,C,never,never,rarely,Yes
93279,69.61,B,rarely,sometimes,always,Sometimes
18168,37.74,D,never,always,always,Sometimes
97989,24.64,D,never,always,always,Sometimes
61008,82.89,B,never,sometimes,never,Yes
10668,50.89,C,never,always,never,Yes
93021,66.44,B,frequently,sometimes,rarely,Yes
89975,59.33,C,never,never,rarely,Yes
16973,45.13,C,never,sometimes,never,Yes
29008,55.39,C,never,never,never,Yes
96704,60.2,C,never,always,rarely,Yes
31394,61.34,C,never,never,never,Never
13634,27.09,D,never,always,always,Sometimes
35566,57.01,C,never,sometimes,never,Sometimes
24859,28.83,D,never,sometimes,never,Yes
51061,81.49,B,never,always,rarely,Sometimes
22788,49.48,C,never,always,rarely,Never
56663,58.74,C,never,never,always,Sometimes
98185,41.93,D,never,sometimes,always,Yes
64054,41.26,D,never,never,always,Sometimes
75814,17.91,F,never,always,always,Sometimes
97106,93.24,A,never,always,never,Sometimes
59419,87.4,B,never,always,never,Yes
98941,8.48,F,never,sometimes,never,Sometimes
44388,59.52,C,never,sometimes,rarely,Sometimes
58817,74.9,B,never,sometimes,rarely,Yes
29113,79.2,B,never,never,never,Yes
79620,22.36,F,never,sometimes,always,Yes
47510,43.29,C,never,always,never,Sometimes
86480,52.43,C,never,always,rarely,Never
59734,44.02,C,never,never,never,Yes
13849,18.88,F,rarely,always,always,Never
63674,54.39,C,never,always,rarely,Never
96764,36.83,D,never,sometimes,always,Never
13626,69.61,B,rarely,sometimes,always,Never
76028,55.53,C,never,never,rarely,Yes
42006,31.53,D,never,always,rarely,Never
47500,75.5,B,rarely,never,rarely,Yes
51296,24.77,F,never,always,always,Yes
17761,94.69,A,frequently,always,never,Sometimes
40523,45.44,C,frequently,never,rarely,Never
25942,11.72,F,frequently,sometimes,always,Sometimes
65674,47.22,C,never,sometimes,rarely,Never
20555,2.12,F,rarely,never,always,Never
10045,70.76,B,rarely,sometimes,always,Yes
47119,77.55,B,rarely,never,always,Yes
97051,94.89,A,frequently,never,always,Yes
76539,58.97,C,never,always,rarely,Yes
90096,26.89,D,never,always,rarely,Never
65434,53.13,C,frequently,sometimes,never,Sometimes
21159,54.98,C,never,always,never,Never
28462,85.06,A,never,sometimes,rarely,Sometimes
19232,19.79,F,never,never,always,Yes
43727,95,A,frequently,never,always,Never
55324,44.12,C,never,never,rarely,Sometimes
36932,79.62,B,rarely,never,rarely,Sometimes
84509,77.33,A,frequently,sometimes,rarely,Sometimes
79026,31.37,D,never,always,always,Never
38848,30.81,D,never,always,never,Sometimes
35915,22.31,D,never,always,always,Yes
99429,67.09,C,never,always,rarely,Never
67360,34.63,D,rarely,never,never,Never
50479,67.03,B,rarely,sometimes,never,Sometimes
38809,36.38,D,never,sometimes,always,Never
54437,23.17,D,rarely,never,never,Sometimes
62893,76.24,B,rarely,never,rarely,Never
25779,67.36,B,rarely,sometimes,rarely,Sometimes
84665,88.7,B,never,always,always,Sometimes
35558,71.76,B,rarely,never,never,Yes
18429,34.84,D,never,always,rarely,Never
71128,75.34,B,rarely,sometimes,rarely,Yes
14233,40.84,C,never,always,never,Sometimes
97202,25.56,D,never,sometimes,never,Never
86495,7.09,F,rarely,never,always,Never
11412,40.78,D,never,sometimes,always,Yes
59023,44.66,C,never,always,rarely,Yes
20881,47.37,C,never,sometimes,never,Sometimes
98961,82.06,B,never,never,always,Never
63281,75.07,B,never,never,rarely,Never
20336,42.67,C,never,sometimes,never,Yes
95429,53.55,C,never,never,never,Sometimes
10980,14.4,F,rarely,always,rarely,Yes
42078,10.66,F,never,always,always,Sometimes
18384,53.74,C,never,sometimes,always,Yes
30410,35.32,F,never,always,always,Sometimes
91498,13.01,F,never,always,always,Yes
38297,32.57,D,never,always,never,Never
92540,29.26,D,never,always,never,Never
70489,8.54,F,never,sometimes,always,Yes
69884,61.16,C,never,sometimes,rarely,Never
93774,43.64,C,never,never,never,Never
85811,49.83,C,frequently,never,never,Yes
92429,34.13,D,never,always,rarely,Yes
33274,91.15,A,never,always,never,Never
97487,71.6,B,never,always,always,Sometimes
92222,4.64,F,never,always,never,Never
39589,49.31,C,never,always,never,Yes
36407,70.36,B,rarely,sometimes,always,Sometimes
94050,24.63,D,never,sometimes,rarely,Sometimes
78042,36.61,D,never,never,always,Yes
92953,37.69,D,never,never,always,Sometimes
45657,42.87,D,never,sometimes,always,Never
16082,81.74,B,rarely,never,never,Never
27558,42.21,C,frequently,never,never,Yes
89823,48.92,C,never,always,never,Sometimes
93183,79.85,B,never,always,rarely,Never
68032,76.82,B,never,sometimes,always,Sometimes
51492,61.43,C,never,always,always,Yes
83625,66.78,B,frequently,never,always,Never
59598,31.56,D,never,never,rarely,Yes
27678,81.84,B,never,always,never,Yes
26108,52.06,C,never,never,never,Sometimes
49401,43.21,C,never,always,rarely,Never
75134,52.53,C,never,never,always,Sometimes
99172,23.93,D,never,sometimes,never,Yes
32161,62.54,C,never,always,rarely,Sometimes
77708,65.11,B,frequently,sometimes,rarely,Sometimes
83023,73.31,B,never,never,never,Yes
26793,46.39,C,rarely,never,rarely,Sometimes
77134,97.43,A,frequently,never,rarely,Sometimes
61115,42.31,C,rarely,never,rarely,Yes
21297,94.14,A,rarely,never,rarely,Yes
92629,45.37,C,never,always,never,Sometimes
38767,62.8,C,never,sometimes,rarely,Never
46971,36,C,never,sometimes,never,Sometimes
30767,51.03,C,never,always,rarely,Sometimes
54789,41.19,C,never,never,rarely,Never
51037,38.96,C,never,never,never,Sometimes
71072,67.39,C,never,always,rarely,Sometimes
59126,73.11,B,rarely,sometimes,rarely,Yes
24989,62.7,C,never,sometimes,rarely,Yes
49840,91.81,A,never,always,never,Yes
67948,63.2,C,never,always,never,Never
51111,40.35,C,never,always,rarely,Never
56238,78.15,B,never,always,always,Sometimes
92970,4.24,F,rarely,always,rarely,Yes
98982,73.14,B,never,always,always,Yes
49486,59.96,C,never,sometimes,rarely,Yes
40043,53.67,C,never,sometimes,always,Never
74345,38.82,C,never,always,never,Sometimes
59752,69.21,B,never,never,always,Sometimes
39553,46.52,C,never,never,always,Sometimes
85650,89.67,B,frequently,always,rarely,Never
14356,88.64,B,never,always,always,Yes
33589,72.48,B,never,never,never,Yes
77904,34.63,D,never,always,never,Yes
48807,84.43,B,never,sometimes,never,Sometimes
59501,46.76,C,never,always,rarely,Yes
14922,37.55,C,never,sometimes,never,Sometimes
62850,87.28,A,frequently,never,rarely,Sometimes
32195,49.56,C,never,always,never,Sometimes
60719,58.76,C,never,always,always,Sometimes
34512,39.91,C,never,always,rarely,Sometimes
22074,43.44,C,never,sometimes,rarely,Sometimes
78146,45.21,C,never,always,never,Sometimes
97762,37.64,C,never,never,rarely,Sometimes
21167,43.72,D,never,never,always,Sometimes
44275,73.87,B,frequently,sometimes,always,Yes
16424,9.71,F,never,always,rarely,Never
29193,71.19,B,frequently,sometimes,rarely,Never
39183,89.77,A,frequently,sometimes,rarely,Yes
18966,73.27,B,frequently,never,rarely,Sometimes
61935,83.57,B,frequently,never,never,Never
31303,13.25,F,rarely,never,always,Never
60964,69.72,B,rarely,sometimes,rarely,Sometimes
33972,47.39,C,never,always,never,Never
32252,67.24,C,never,always,always,Yes
68425,57.91,C,never,always,rarely,Yes
67226,6.79,F,frequently,sometimes,rarely,Never
12971,28.25,D,never,always,always,Yes
37225,26.59,D,rarely,sometimes,rarely,Sometimes
92967,59.39,C,never,always,always,Sometimes
43209,84.65,B,never,sometimes,always,Never
98444,74.12,B,never,never,rarely,Yes
53026,69.82,C,never,always,never,Sometimes
46517,65.99,C,never,always,always,Yes
13103,39.45,C,never,never,rarely,Sometimes
11241,40.27,C,never,always,rarely,Never
48451,38.28,D,never,never,always,Sometimes
29716,3.53,F,rarely,sometimes,always,Yes
17459,43.81,C,never,always,rarely,Never
86108,59.99,B,frequently,sometimes,always,Sometimes
84168,31.41,D,never,sometimes,rarely,Sometimes
69172,69.71,B,frequently,never,never,Yes
26944,87.09,A,frequently,sometimes,rarely,Never
33366,28.81,F,never,never,always,Yes
36635,66.59,B,never,never,always,Sometimes
82150,73.92,B,never,never,rarely,Yes
87433,8.19,F,rarely,sometimes,always,Never
75436,53.61,C,never,always,rarely,Never
65448,54.83,C,never,sometimes,rarely,Sometimes
18935,19.59,F,never,never,never,Sometimes
98766,49.46,C,never,sometimes,always,Yes
75542,9.7,F,rarely,sometimes,rarely,Sometimes
58837,70.31,B,never,sometimes,rarely,Yes
96341,44.18,C,frequently,never,never,Never
95137,49.67,C,never,always,never,Yes
88560,88.03,A,frequently,never,always,Sometimes
72371,21.13,D,never,never,always,Yes
60618,40.83,C,never,always,always,Yes
47424,95.24,A,never,never,rarely,Never
88217,54.71,C,never,sometimes,always,Yes
64369,41.43,C,never,never,never,Never
90135,6.41,F,never,always,rarely,Yes
61825,92.47,A,frequently,always,always,Never
22514,20.96,F,never,never,always,Never
57714,79.44,B,rarely,never,never,Never
43858,65.09,B,never,never,never,Yes
28930,4.87,F,never,sometimes,rarely,Yes
11104,90.96,A,frequently,sometimes,always,Sometimes
42808,56.62,C,never,always,always,Sometimes
37761,24.21,D,never,sometimes,never,Never
80380,49.67,C,never,never,always,Sometimes
28411,22.64,F,never,sometimes,always,Never
69936,54.71,C,never,sometimes,always,Sometimes
37748,59.85,C,never,always,always,Never
59767,42.37,C,rarely,sometimes,never,Yes
72555,97.51,A,never,always,never,Yes
23141,74.71,B,never,sometimes,rarely,Yes
82620,66.71,B,never,never,never,Sometimes
44865,21.95,D,never,never,rarely,Sometimes
50993,20.56,D,never,sometimes,rarely,Yes
75179,97.57,A,frequently,never,rarely,Yes
62288,59.32,C,never,sometimes,rarely,Never
90111,54.68,C,never,sometimes,always,Never
19917,31.8,D,never,sometimes,always,Never
74098,66.69,B,never,never,always,Sometimes
79597,53.41,C,never,never,rarely,Yes
65791,5.08,F,never,sometimes,never,Never
75762,25.87,D,rarely,sometimes,always,Sometimes
18002,42.66,C,never,never,never,Sometimes
80139,61.17,C,never,sometimes,always,Never
31285,38.01,C,never,always,rarely,Never
42826,62.99,B,frequently,sometimes,never,Never
98155,39.7,D,never,always,always,Never
48900,12.77,F,never,always,always,Yes
72778,74.06,B,rarely,sometimes,never,Sometimes
14348,16.45,F,never,never,never,Sometimes
46754,89.06,A,frequently,never,never,Sometimes
69054,23.04,D,never,always,never,Yes
90582,70.77,B,rarely,sometimes,always,Never
21510,25.46,D,never,never,never,Yes
75307,18.53,F,never,sometimes,never,Never
23782,75.78,B,frequently,never,always,Yes
68504,69.89,B,frequently,never,always,Yes
60218,7.99,F,never,sometimes,rarely,Never
47162,63.58,C,never,always,never,Never
14078,30.42,D,frequently,sometimes,rarely,Sometimes
92799,83.8,B,never,always,always,Yes
39247,5.5,F,never,sometimes,always,Yes
89124,45.72,C,never,always,never,Sometimes
51898,44.03,D,never,never,always,Yes
12393,92.94,A,frequently,sometimes,always,Yes
73543,95.32,A,frequently,always,always,Sometimes
21432,76.49,B,rarely,never,never,Yes
45276,66.11,B,frequently,sometimes,rarely,Never
78489,5.55,F,rarely,sometimes,never,Sometimes
21556,15.68,F,never,always,never,Never
98841,63.51,C,never,never,never,Yes
98792,62.06,C,never,never,never,Never
26323,67.9,B,never,never,never,Sometimes
63771,26.06,D,never,sometimes,never,Sometimes
92329,24.06,D,never,always,rarely,Sometimes
17503,84.23,B,never,always,rarely,Never
99832,61.42,C,rarely,sometimes,rarely,Sometimes
25526,51.08,C,never,always,always,Never
67066,22.75,D,never,never,rarely,Never
25418,55.03,B,frequently,sometimes,rarely,Sometimes
52452,55.99,C,never,sometimes,never,Sometimes
77140,52.95,C,never,sometimes,rarely,Sometimes
52333,72.6,B,never,always,rarely,Sometimes
47925,55.27,C,rarely,never,always,Never
20626,67.68,C,never,always,always,Sometimes
21901,7.18,F,never,sometimes,always,Sometimes
66669,16.89,F,never,sometimes,always,Never
15434,18.46,F,never,always,never,Never
50605,87.39,A,never,never,never,Sometimes
13937,12.83,F,never,always,rarely,Never
25089,12.32,F,never,always,always,Never
19941,24.12,D,never,never,never,Yes
44946,19.83,F,never,always,never,Never
59885,98.79,A,frequently,sometimes,rarely,Never
81568,83.02,B,rarely,sometimes,rarely,Yes
81517,16.32,F,never,never,never,Never
10022,39.1,C,never,always,never,Yes
60642,87.77,A,frequently,sometimes,always,Never
72448,86.57,A,frequently,sometimes,always,Never
42153,17.49,F,never,never,always,Yes
51730,71.91,B,rarely,never,rarely,Sometimes
16527,32.44,D,never,sometimes,never,Never
67918,82.78,B,never,always,rarely,Sometimes
90830,69.16,B,never,sometimes,rarely,Sometimes
61282,58.74,C,never,never,rarely,Sometimes
58844,36.38,C,never,never,never,Never
58088,70.57,B,never,sometimes,rarely,Sometimes
38579,62.69,C,never,never,never,Yes
31642,28.47,D,rarely,sometimes,never,Never
53615,29.42,F,never,never,always,Never
85460,3.47,F,never,always,always,Never
95903,37.85,C,never,sometimes,rarely,Never
19644,74.23,B,never,sometimes,rarely,Sometimes
21857,80.55,B,never,always,rarely,Never
61904,15.19,F,never,sometimes,always,Sometimes
65894,29.84,D,never,always,never,Yes
39266,65.61,C,never,always,never,Never
26018,50.06,C,never,always,rarely,Yes
20222,40.34,D,never,sometimes,always,Never
97491,68.94,B,rarely,sometimes,never,Never
87169,74.12,B,never,always,never,Yes
31419,98.6,A,frequently,sometimes,rarely,Never
84486,37.19,D,never,never,always,Never
25305,40.03,C,never,always,never,Yes
63758,92.67,A,frequently,always,always,Sometimes
95268,27.34,F,rarely,sometimes,always,Never
69741,63.66,C,never,always,rarely,Never
90051,62.4,C,never,always,never,Never
64246,56.67,C,never,never,always,Yes
28641,54.96,C,never,always,rarely,Yes
32314,70.93,B,never,never,rarely,Yes
74407,57.58,C,rarely,sometimes,never,Sometimes
61801,91.44,A,never,never,never,Yes
89531,35.09,D,never,never,always,Yes
15811,85.99,A,frequently,sometimes,never,Never
57597,61.78,C,never,sometimes,always,Yes
13177,69.08,B,frequently,sometimes,always,Never
56256,66.82,B,rarely,never,always,Sometimes
12432,74.14,B,never,sometimes,always,Never
25023,64.84,C,never,always,never,Sometimes
51894,61.69,C,never,never,never,Yes
62449,17.13,F,rarely,never,never,Yes
67126,76.99,B,never,always,never,Yes
74696,40.13,C,never,always,never,Sometimes
49698,68.49,B,rarely,never,rarely,Yes
83710,56.47,C,never,always,never,Yes
47857,50.83,C,never,always,never,Yes
89323,58.48,C,never,sometimes,never,Never
76950,67.28,B,never,sometimes,never,Sometimes
14900,15.63,F,never,never,rarely,Sometimes
60885,61.35,C,never,never,always,Sometimes
73375,8.49,F,rarely,sometimes,rarely,Yes
92483,61.26,C,never,always,rarely,Sometimes
67338,2.38,F,rarely,always,never,Yes
73801,4.44,F,never,always,rarely,Never
30809,88.14,B,frequently,always,rarely,Yes
14262,47.47,C,never,sometimes,always,Sometimes
62881,32.97,D,never,never,always,Never
33729,61.52,C,never,always,always,Yes
53918,19.58,F,rarely,sometimes,always,Yes
74287,50.54,C,never,always,rarely,Sometimes
60173,33.24,D,never,always,always,Yes
14386,49.15,C,never,never,always,Never
88738,69.86,C,never,always,rarely,Sometimes
52359,29.13,F,never,never,always,Never
19321,60.51,C,never,never,never,Yes
16621,91.93,A,never,always,rarely,Yes
80403,58.26,C,never,always,never,Sometimes
62099,62.42,C,never,never,always,Yes
82683,45.01,C,never,sometimes,always,Never
45812,42.67,C,never,never,rarely,Never
99902,65.95,C,never,always,rarely,Never
46991,59.76,C,never,always,always,Sometimes
12928,88.28,B,never,always,rarely,Yes
33944,63.39,B,frequently,never,never,Sometimes
57530,77.69,A,frequently,never,always,Never
93032,8.3,F,never,always,never,Sometimes
37509,68.13,B,frequently,sometimes,never,Never
11423,25.93,F,never,always,always,Yes
73619,56.19,C,never,always,always,Never
49721,62.32,C,never,always,always,Sometimes
64594,93.82,A,rarely,never,rarely,Sometimes
33978,83.05,B,frequently,sometimes,never,Never
69573,29.15,D,rarely,never,rarely,Sometimes
41990,53.59,C,never,always,never,Never
60094,40.82,C,never,sometimes,rarely,Never
67440,12.33,F,never,always,always,Yes
86984,90.86,A,frequently,never,rarely,Sometimes
73748,55.96,B,frequently,never,rarely,Never
52985,47.61,C,never,always,rarely,Sometimes
46489,50.94,B,frequently,sometimes,never,Yes
54701,56.54,C,never,sometimes,rarely,Sometimes
95765,89.15,A,rarely,never,never,Never
17504,48.25,C,rarely,sometimes,rarely,Never
23790,90,A,frequently,never,never,Yes
26698,73.44,B,never,sometimes,always,Never
21451,79.22,B,never,always,never,Sometimes
39020,62.46,C,never,never,rarely,Sometimes
93431,44.45,C,never,never,rarely,Sometimes
56087,8.04,F,never,never,never,Sometimes
88696,50.84,C,never,always,rarely,Sometimes
75575,56.69,C,never,sometimes,always,Yes
12912,62.74,C,never,never,always,Yes
92007,56.3,C,never,never,always,Sometimes
68754,64.2,C,never,never,rarely,Never
66469,68.17,B,never,always,rarely,Sometimes
39216,55.35,C,never,always,always,Yes
50584,23.86,D,never,never,never,Never
83205,89.42,A,rarely,never,never,Yes
71159,79.07,A,frequently,never,never,Never
12688,94.01,A,rarely,never,rarely,Yes
49374,72.07,B,never,never,always,Sometimes
72102,90.87,A,rarely,never,always,Yes
49281,38.83,C,never,always,rarely,Yes
67875,57.07,C,never,sometimes,rarely,Never
41402,58.01,C,never,never,never,Never
82630,51.67,C,never,always,rarely,Yes
56638,38.77,D,never,never,always,Yes
36918,38.31,C,never,sometimes,never,Sometimes
62777,67.12,B,rarely,never,never,Yes
38868,80.65,B,never,always,rarely,Yes
33927,27.45,F,never,sometimes,always,Yes
89739,59.29,C,never,always,never,Sometimes
34646,72.01,B,rarely,never,always,Never
80187,86.76,A,frequently,sometimes,rarely,Sometimes
55554,98.06,A,frequently,sometimes,always,Never
73108,14.35,F,never,sometimes,always,Yes
56945,31,D,never,never,always,Sometimes
25123,78,B,never,always,never,Sometimes
75579,33.15,D,never,sometimes,always,Never
24546,48.22,C,never,always,rarely,Yes
61755,39.44,C,never,sometimes,never,Never
15273,46.78,C,never,sometimes,always,Sometimes
64911,38.9,D,never,always,always,Never
52771,40.05,C,never,always,never,Never
96193,8.74,F,never,always,never,Never
81917,49.52,C,never,always,never,Yes
50146,61.23,C,never,sometimes,never,Yes
73952,27.75,D,rarely,never,rarely,Sometimes
50379,72.23,B,never,sometimes,always,Never
77517,85.13,B,never,always,never,Never
27634,3.48,F,never,never,rarely,Yes
95017,49.95,C,never,never,always,Sometimes
28894,59.46,C,never,never,rarely,Never
39716,63.88,C,rarely,sometimes,never,Sometimes
44320,62.01,B,frequently,sometimes,rarely,Yes
23762,77.2,B,rarely,never,always,Never
20443,28.91,D,never,always,rarely,Yes
26433,51.63,C,rarely,never,never,Sometimes
38167,66.05,B,never,never,never,Sometimes
48604,56.13,C,never,never,always,Sometimes
46091,53.25,C,never,sometimes,never,Yes
47799,56.92,C,never,sometimes,never,Yes
38734,49.33,C,never,sometimes,never,Sometimes
29292,13.12,F,rarely,sometimes,always,Yes
96110,51.07,B,frequently,sometimes,rarely,Never
36674,69.59,B,rarely,sometimes,never,Never
90716,28.49,D,never,sometimes,never,Sometimes
16611,89.28,B,never,always,rarely,Sometimes
55862,56.15,C,rarely,never,rarely,Sometimes
23986,7.53,F,never,always,always,Never
15300,75.39,B,never,always,always,Sometimes
26203,42.87,C,never,sometimes,never,Sometimes
99588,80.96,A,frequently,sometimes,never,Yes
30100,73.28,B,never,sometimes,never,Never
35086,38,C,never,never,never,Yes
97610,64.86,C,never,never,always,Sometimes
10019,33.5,D,never,never,rarely,Yes
32910,83.37,B,rarely,never,never,Sometimes
21177,98.51,A,frequently,sometimes,always,Sometimes
26281,88.39,A,rarely,sometimes,never,Never
25567,48.92,C,never,always,rarely,Never
85053,13.97,F,never,always,always,Yes
21346,52.32,C,never,always,never,Never
34291,46.86,C,rarely,sometimes,never,Yes
50522,51.33,C,never,sometimes,always,Never
75420,33.67,D,never,sometimes,always,Yes
17846,61.82,C,never,sometimes,never,Yes
88264,62.86,C,never,never,never,Sometimes
45761,35.02,C,never,always,rarely,Sometimes
70327,46.91,C,never,sometimes,always,Sometimes
11331,16.38,F,never,sometimes,always,Never
73436,72.74,B,never,always,rarely,Sometimes
64698,67.99,B,never,always,never,Never
71723,92.11,A,never,always,always,Yes
40233,66.27,C,never,always,always,Yes
50590,41.65,C,never,never,never,Yes
38495,59.64,C,never,sometimes,always,Sometimes
56672,86.33,B,never,always,never,Never
89280,60.65,B,frequently,sometimes,rarely,Yes
24490,31.6,D,never,never,rarely,Sometimes
57008,93.22,A,frequently,always,never,Yes
26340,26.98,D,never,sometimes,never,Never
59609,42.56,C,never,sometimes,never,Yes
87300,27.24,F,never,sometimes,always,Yes
97897,83.62,B,rarely,never,rarely,Sometimes
90674,80.1,B,rarely,never,never,Sometimes
36144,20.22,D,never,sometimes,rarely,Never
79146,18.18,F,frequently,never,always,Sometimes
14161,19.82,F,never,never,always,Never
26691,80.01,B,rarely,never,rarely,Sometimes
33572,64.98,C,never,sometimes,never,Sometimes
18766,38.77,C,never,never,rarely,Sometimes
59182,36.62,C,never,always,rarely,Sometimes
36158,32.59,D,rarely,sometimes,always,Never
37471,46.33,C,never,always,never,Sometimes
46945,2.11,F,never,sometimes,rarely,Yes
37432,44.72,D,never,sometimes,always,Sometimes
96633,19.03,F,rarely,never,never,Yes
94149,91.49,A,frequently,always,never,Sometimes
50655,89.98,A,frequently,never,always,Never
16948,60.98,C,never,always,always,Never
90515,33.15,D,never,always,never,Never
54849,52.47,C,rarely,sometimes,rarely,Sometimes
17225,77.78,B,never,always,rarely,Never
20199,36.45,F,never,always,always,Yes
47846,91.72,A,frequently,sometimes,never,Never
76284,18.48,F,frequently,sometimes,always,Sometimes
57522,21.59,F,never,always,always,Never
93212,31.63,D,never,never,never,Never
41533,93.67,A,never,never,rarely,Sometimes
62807,65.99,B,never,always,always,Never
93080,98.5,A,frequently,sometimes,always,Never
98564,47.53,C,never,always,rarely,Sometimes
42856,47.18,C,never,sometimes,always,Yes
32523,8.87,F,rarely,never,rarely,Yes
33598,79.07,B,never,always,never,Sometimes
45745,41.73,C,never,never,never,Never
36149,37.31,C,never,never,rarely,Never
62749,70.8,B,never,always,rarely,Sometimes
28982,48.44,C,never,sometimes,always,Never
96182,55.47,C,never,always,rarely,Sometimes
25453,70.9,B,never,sometimes,rarely,Never
84525,24.29,F,never,never,always,Sometimes
34875,10.1,F,never,never,rarely,Yes
97717,90.31,A,never,always,always,Never
18440,13.41,F,never,never,rarely,Sometimes
30745,86.13,A,frequently,sometimes,never,Yes
66399,8.56,F,never,sometimes,always,Yes
13425,52.79,C,never,always,rarely,Yes
47776,16.37,F,never,never,rarely,Sometimes
92666,88.25,A,frequently,never,never,Sometimes
47493,22.78,D,never,never,never,Yes
97582,26.68,D,never,sometimes,rarely,Never
88867,56.57,C,never,always,always,Never
59610,16.78,F,rarely,sometimes,never,Sometimes
23571,7.82,F,never,always,never,Never
36471,75.02,B,frequently,sometimes,rarely,Sometimes
55223,44.6,C,never,never,rarely,Never
23006,50.85,C,never,never,always,Sometimes
91920,13.83,F,never,sometimes,rarely,Yes
32608,53.51,C,never,never,rarely,Sometimes
18693,61.75,C,never,never,never,Sometimes
89106,52.57,C,never,sometimes,rarely,Sometimes
97225,36.07,F,never,never,always,Never
81564,51.99,C,never,sometimes,always,Never
88708,60.96,C,rarely,never,rarely,Sometimes
25293,50.09,C,never,always,rarely,Sometimes
77509,43.2,D,never,sometimes,always,Never
55970,15.5,F,never,never,never,Sometimes
62589,74.55,B,never,always,rarely,Never
66698,39.99,D,never,never,always,Never
15000,38.86,C,never,sometimes,rarely,Never
33842,85.61,A,rarely,sometimes,rarely,Never
43159,28.23,D,frequently,sometimes,rarely,Sometimes
45407,62.49,C,never,sometimes,rarely,Never
38973,55.7,C,never,sometimes,always,Never
58998,68.79,B,frequently,never,never,Yes
80243,75.54,B,never,never,never,Never
34006,12.44,F,rarely,always,rarely,Sometimes
44547,64.81,C,never,always,rarely,Sometimes
23252,66.59,B,rarely,never,always,Yes
61420,55.69,B,frequently,never,rarely,Yes
17284,27.79,D,rarely,never,rarely,Yes
65948,49.08,C,never,sometimes,always,Sometimes
68752,78.52,B,rarely,never,rarely,Never
46734,79.71,B,never,always,always,Never
18945,92.21,A,frequently,always,always,Never
19319,26.7,D,never,always,rarely,Never
45317,55.17,C,never,always,rarely,Never
63066,78.83,B,never,sometimes,never,Yes
61253,29.88,D,never,always,always,Never
93647,40.79,D,never,always,always,Sometimes
86558,47.47,C,never,sometimes,always,Yes
31456,11.19,F,rarely,sometimes,always,Never
21567,46.98,C,never,never,rarely,Yes
19581,62.63,C,never,sometimes,never,Sometimes
32537,92.84,A,frequently,sometimes,never,Never
53866,21.98,D,never,always,never,Yes
39337,40.72,C,never,sometimes,never,Yes
91953,2.03,F,never,always,rarely,Sometimes
63785,63.54,C,never,always,rarely,Yes
72516,42.27,D,never,sometimes,always,Never
16899,48.93,C,never,always,rarely,Sometimes
86861,61.13,C,never,always,never,Sometimes
15447,87.85,A,frequently,never,never,Never
54669,50.71,B,frequently,never,never,Yes
28424,39.28,C,never,sometimes,rarely,Yes
18111,70.01,B,frequently,sometimes,rarely,Sometimes
88492,50.84,C,never,never,rarely,Never
83198,72.52,B,never,always,always,Sometimes
79891,63.28,C,never,always,always,Yes
91470,51,C,never,never,always,Never
53705,56.42,C,never,never,rarely,Never
53409,32.3,D,rarely,never,rarely,Never
98950,79.97,B,rarely,sometimes,never,Yes
77512,63.15,C,rarely,sometimes,rarely,Sometimes
20301,60.38,C,rarely,sometimes,always,Yes
74891,58.78,C,never,sometimes,never,Yes
70152,51.7,C,never,never,always,Yes
31382,72.99,B,never,never,never,Yes
66416,20.37,F,never,always,always,Never
34455,61.92,C,never,sometimes,always,Sometimes
60859,62.36,C,never,sometimes,rarely,Never
83860,94.13,A,frequently,always,rarely,Yes
10992,65.19,B,never,sometimes,always,Never
18360,90.35,A,never,always,rarely,Yes
84984,22.63,D,frequently,never,never,Yes
43087,20.66,F,never,sometimes,always,Never
65139,68.56,B,frequently,never,always,Never
90505,48.93,C,never,always,never,Never
82162,57.33,C,never,never,always,Sometimes
65340,2.38,F,never,always,never,Sometimes
84318,42.49,D,never,always,always,Never
51737,20.86,D,rarely,never,rarely,Sometimes
70345,32.83,D,never,sometimes,never,Sometimes
13148,24.89,D,never,sometimes,rarely,Sometimes
32521,24.43,D,never,sometimes,never,Yes
46863,46.22,C,never,never,always,Yes
12585,61.89,C,never,sometimes,always,Sometimes
17929,86.62,A,never,never,always,Never
66928,10.87,F,never,never,rarely,Sometimes
80201,88.5,A,never,always,always,Yes
15361,55.65,C,never,always,always,Never
99797,29.14,D,never,never,never,Never
86351,15.97,F,never,never,never,Yes
82606,42.71,D,never,never,always,Sometimes
35853,28.66,D,never,never,rarely,Sometimes
92482,76.2,B,rarely,never,rarely,Yes
75805,31.29,D,never,always,always,Never
67289,43.45,D,never,never,always,Never
93719,79.01,B,never,always,rarely,Never
41642,9.67,F,never,never,always,Never
91955,46.92,C,never,sometimes,rarely,Yes
89325,13.02,F,never,sometimes,never,Yes
54871,86.61,B,never,always,never,Yes
55436,5.19,F,rarely,always,never,Sometimes
88874,55.63,C,never,always,always,Sometimes
71784,35.68,D,never,always,always,Never
51491,24.46,D,never,always,never,Sometimes
97608,49.54,C,never,never,rarely,Sometimes
97534,46.17,C,never,never,rarely,Sometimes
67579,66.42,C,never,always,always,Sometimes
83536,41.81,C,never,always,never,Never
12287,8.87,F,rarely,sometimes,always,Never
50187,51.37,C,never,always,rarely,Sometimes
85359,52.91,C,never,always,never,Sometimes
97288,52.96,C,never,sometimes,never,Sometimes
42698,61.03,C,never,always,always,Sometimes
68654,36.12,C,never,sometimes,never,Never
93715,65.07,B,never,always,always,Sometimes
44941,58.72,C,rarely,sometimes,always,Yes
33466,66.42,B,frequently,sometimes,rarely,Yes
81588,57.52,C,never,always,never,Sometimes
96945,49.56,C,never,sometimes,never,Yes
76380,49.44,C,never,never,always,Yes
49182,69.22,B,frequently,sometimes,rarely,Yes
54703,84.47,B,rarely,sometimes,always,Yes
51695,92.77,A,frequently,always,always,Yes
12147,75.23,B,never,always,always,Sometimes
23926,20.56,D,frequently,sometimes,never,Sometimes
58673,27.6,D,never,always,rarely,Yes
80651,82.06,A,frequently,never,rarely,Sometimes
49548,38.06,C,never,always,rarely,Yes
52048,95.76,A,frequently,always,always,Sometimes
59563,43.26,C,never,sometimes,never,Yes
12424,53.15,C,never,never,always,Never
86536,60.05,C,never,sometimes,never,Sometimes
97404,63.31,C,never,never,rarely,Sometimes
21388,58.83,C,never,sometimes,always,Sometimes
93651,35.21,C,frequently,sometimes,never,Never
26063,83.55,B,never,never,rarely,Sometimes
25918,98.81,A,frequently,never,rarely,Never
18167,17.27,F,rarely,never,never,Sometimes
91229,9.84,F,never,sometimes,rarely,Never
10864,4.98,F,never,sometimes,always,Yes
60796,36.26,C,never,never,rarely,Sometimes
24839,37.5,D,rarely,never,always,Yes
29873,40.87,C,never,never,rarely,Sometimes
20966,45.46,C,never,never,never,Sometimes
39389,58.44,C,never,never,always,Never
22257,92.07,A,frequently,always,never,Sometimes
47249,8.62,F,never,always,never,Sometimes
65052,67.9,C,never,always,never,Never
57927,37.73,C,never,never,rarely,Yes
95842,68.25,C,never,always,always,Never
82435,67.25,C,never,always,always,Yes
43473,40.68,C,rarely,never,rarely,Never
17780,54.31,C,never,always,never,Yes
60503,86.32,B,frequently,always,rarely,Yes
19676,78.37,B,never,always,always,Never
15980,79.81,B,never,always,rarely,Yes
94940,31.46,D,never,sometimes,rarely,Sometimes
26142,44.68,C,never,never,never,Yes
43161,85.12,B,never,always,rarely,Yes
44726,60.62,C,never,sometimes,never,Sometimes
38117,56.59,C,never,never,never,Sometimes
46824,8.68,F,never,never,always,Never
37878,46.33,C,rarely,never,never,Sometimes
37464,47.62,C,never,sometimes,rarely,Yes
80979,45.51,C,never,sometimes,rarely,Yes
74491,12.25,F,never,never,rarely,Sometimes
57975,16.08,F,rarely,always,always,Sometimes
56960,22.34,D,never,always,never,Yes
43015,13.72,F,never,never,always,Never
76205,80.37,B,never,sometimes,never,Yes
25720,57.48,C,never,always,never,Never
25903,56.52,C,never,sometimes,never,Yes
47247,89.67,B,never,always,rarely,Sometimes
33591,30.25,D,never,always,always,Never
53747,63.04,C,never,always,never,Yes
21932,68.47,B,never,never,never,Sometimes
63407,25.39,F,never,never,always,Yes
43866,52.01,C,never,sometimes,rarely,Never
97631,52.63,C,never,always,always,Never
15032,66.23,B,frequently,never,always,Sometimes
20102,42.04,C,never,sometimes,never,Sometimes
63348,35.07,C,never,always,rarely,Never
10704,26.65,F,never,never,always,Yes
31312,55.53,B,frequently,never,never,Sometimes
80791,37.46,D,never,never,always,Never
29627,42.49,C,never,sometimes,rarely,Yes
38435,54.01,C,never,always,rarely,Yes
79466,82.01,A,frequently,never,always,Yes
93646,3.55,F,rarely,always,never,Sometimes
68033,81.29,B,rarely,never,always,Never
32328,37.36,C,never,always,never,Never
97742,15.06,F,never,always,rarely,Sometimes
60370,86.7,A,rarely,sometimes,always,Yes
28856,14.89,F,never,always,always,Yes
22982,45.34,C,never,never,always,Sometimes
63249,31.47,D,never,always,never,Yes
56015,16.52,F,frequently,never,never,Sometimes
36737,58.27,C,never,always,rarely,Sometimes
11036,6.96,F,never,sometimes,never,Never
83940,27.05,D,never,never,always,Never
66950,84.18,B,never,never,always,Yes
22394,52.02,C,never,never,rarely,Never
29670,43.02,C,never,always,rarely,Yes
97882,91.88,A,frequently,never,rarely,Never
25288,66.21,B,rarely,sometimes,never,Sometimes
18865,26.98,D,never,always,never,Never
59663,42.95,C,never,always,rarely,Sometimes
98907,61.22,C,never,always,rarely,Sometimes
20845,13.02,F,never,always,rarely,Yes
91272,46.27,C,never,always,rarely,Sometimes
92137,63.73,C,never,always,never,Never
10639,43.78,C,never,always,never,Never
25790,38.79,D,never,never,always,Yes
65090,80.37,B,rarely,never,never,Never
35696,53.83,C,never,never,never,Sometimes
28150,94.16,A,frequently,never,rarely,Sometimes
67120,42.99,C,never,always,rarely,Yes
20593,49.69,C,never,always,always,Sometimes
73636,89.17,A,frequently,sometimes,always,Sometimes
68704,70.17,B,frequently,never,rarely,Yes
82398,3.06,F,never,never,always,Sometimes
11307,39.22,C,never,always,never,Sometimes
24681,38.71,C,never,sometimes,never,Sometimes
51275,68.93,C,never,always,rarely,Sometimes
95780,53.05,C,never,always,never,Yes
71733,42.74,C,never,always,always,Never
93904,70.2,B,frequently,sometimes,always,Never
39182,60.37,C,never,sometimes,rarely,Yes
30985,75.61,B,never,always,always,Yes
