"Grade","Score","GPA","Texting","Asking","Dozing"
"A",77,2.32,"Never","Often","Sometimes"
"F",0,1.84,"Sometimes","Often","Never"
"F",7,3.7,"Always","Never","Always"
"F",1,0.85,"Often","Often","Never"
"F",39,0.09,"Never","Never","Never"
"F",30,0.26,"Often","Often","Never"
"A",98,1.31,"Sometimes","Sometimes","Sometimes"
"F",23,2.63,"Never","Sometimes","Sometimes"
"F",32,1.38,"Sometimes","Often","Never"
"F",8,3.02,"Always","Often","Always"
"C",67,3.64,"Always","Never","Always"
"F",9,0.27,"Never","Never","Never"
"A",86,2.5,"Often","Often","Sometimes"
"F",24,3.47,"Always","Often","Always"
"F",29,0.8,"Often","Sometimes","Never"
"F",24,3.51,"Always","Never","Always"
"A",90,0.07,"Sometimes","Often","Sometimes"
"F",10,3.63,"Always","Never","Always"
"B",86,0.64,"Often","Never","Sometimes"
"A",79,0.3,"Often","Often","Sometimes"
"F",6,2.32,"Never","Sometimes","Sometimes"
"A",79,0.55,"Sometimes","Often","Sometimes"
"F",15,2.65,"Sometimes","Sometimes","Sometimes"
"A",100,1.14,"Never","Sometimes","Sometimes"
"A",76,1.51,"Often","Often","Sometimes"
"B",87,2.74,"Never","Sometimes","Sometimes"
"A",91,2.54,"Often","Often","Sometimes"
"F",8,0.6,"Never","Never","Never"
"A",68,0.87,"Sometimes","Often","Sometimes"
"F",34,0.38,"Sometimes","Sometimes","Never"
"F",49,1.94,"Never","Sometimes","Sometimes"
"F",49,1.67,"Often","Sometimes","Sometimes"
"B",85,3.06,"Always","Sometimes","Always"
"F",0,2.11,"Sometimes","Often","Sometimes"
"A",97,2.75,"Often","Never","Sometimes"
"B",41,3.88,"Always","Never","Always"
"F",27,0.55,"Often","Never","Never"
"F",52,3.8,"Always","Never","Always"
"F",13,1.32,"Often","Sometimes","Never"
"A",70,0.59,"Never","Often","Sometimes"
"A",66,1.4,"Sometimes","Often","Sometimes"
"A",95,3.32,"Always","Never","Always"
"F",35,1.96,"Sometimes","Never","Never"
"F",58,2.65,"Sometimes","Never","Sometimes"
"F",0,0.74,"Often","Never","Never"
"F",29,2.14,"Never","Sometimes","Sometimes"
"F",0,2.26,"Sometimes","Sometimes","Sometimes"
"B",87,2.12,"Sometimes","Never","Sometimes"
"B",87,3.43,"Always","Never","Always"
"B",84,2.11,"Never","Never","Sometimes"
"F",36,1.5,"Sometimes","Sometimes","Never"
"A",90,2.61,"Sometimes","Often","Sometimes"
"F",1,1.33,"Sometimes","Often","Never"
"C",75,2.19,"Sometimes","Sometimes","Sometimes"
"F",40,2.63,"Sometimes","Never","Sometimes"
"F",44,2.21,"Often","Never","Sometimes"
"F",63,1.52,"Often","Often","Sometimes"
"F",9,2.92,"Sometimes","Often","Sometimes"
"C",62,3.1,"Always","Sometimes","Always"
"F",9,0.19,"Sometimes","Never","Never"
"A",80,1.49,"Never","Often","Sometimes"
"F",40,0.96,"Sometimes","Sometimes","Sometimes"
"F",21,1.81,"Never","Often","Never"
"B",41,1.9,"Sometimes","Often","Sometimes"
"A",86,2.36,"Often","Often","Sometimes"
"F",7,1.71,"Often","Never","Never"
"F",33,0.25,"Sometimes","Sometimes","Never"
"F",4,0.62,"Never","Sometimes","Never"
"C",63,1.56,"Sometimes","Sometimes","Sometimes"
"F",11,0.55,"Never","Often","Never"
"A",98,1.45,"Often","Sometimes","Sometimes"
"F",18,0.2,"Sometimes","Never","Never"
"A",99,3.33,"Always","Never","Always"
"F",29,3.74,"Always","Never","Always"
"A",82,2.24,"Sometimes","Often","Sometimes"
"F",3,2.7,"Often","Never","Sometimes"
"F",6,2,"Often","Sometimes","Sometimes"
"F",29,2.25,"Sometimes","Often","Sometimes"
"F",47,3.72,"Always","Never","Always"
"F",16,3.6,"Always","Never","Always"
"F",10,1.3,"Sometimes","Often","Never"
"B",42,3.2,"Always","Often","Always"
"F",18,3.87,"Always","Never","Always"
"C",75,1.26,"Sometimes","Sometimes","Sometimes"
"F",53,2.8,"Sometimes","Sometimes","Sometimes"
"B",88,3.22,"Always","Sometimes","Always"
"F",2,3.54,"Always","Never","Always"
"F",55,1.25,"Sometimes","Sometimes","Sometimes"
"F",18,3.23,"Always","Never","Always"
"C",80,1.18,"Often","Sometimes","Sometimes"
"F",11,2.21,"Never","Never","Sometimes"
"F",5,0.11,"Sometimes","Never","Never"
"F",51,2.08,"Often","Sometimes","Sometimes"
"F",33,2.74,"Never","Often","Sometimes"
"F",35,2.29,"Often","Often","Sometimes"
"A",92,1.01,"Often","Never","Sometimes"
"A",89,3.67,"Always","Never","Always"
"B",88,1.72,"Never","Sometimes","Sometimes"
"A",93,3.38,"Always","Never","Always"
"F",56,2.4,"Never","Sometimes","Sometimes"
"A",94,0.47,"Never","Never","Sometimes"
"F",57,0.07,"Sometimes","Never","Sometimes"
"F",40,3.94,"Always","Never","Always"
"F",2,0.17,"Often","Never","Never"
"F",41,1.04,"Often","Sometimes","Sometimes"
"A",100,1.96,"Never","Never","Sometimes"
"C",66,2.38,"Sometimes","Never","Sometimes"
"F",26,2.44,"Never","Never","Sometimes"
"F",72,0.1,"Often","Never","Sometimes"
"A",97,2.2,"Sometimes","Sometimes","Sometimes"
"C",71,2.31,"Sometimes","Never","Sometimes"
"F",12,1.61,"Sometimes","Sometimes","Never"
"A",88,2.37,"Often","Often","Sometimes"
"A",88,2.32,"Sometimes","Often","Sometimes"
"F",55,0.83,"Sometimes","Never","Sometimes"
"F",50,0.34,"Never","Sometimes","Sometimes"
"F",25,0.98,"Often","Often","Never"
"A",91,0.79,"Sometimes","Never","Sometimes"
"F",20,0.1,"Sometimes","Often","Never"
"A",98,3.1,"Always","Never","Always"
"F",45,0.65,"Never","Sometimes","Sometimes"
"F",59,0.74,"Never","Never","Sometimes"
"B",45,0.4,"Never","Often","Sometimes"
"F",15,3.06,"Always","Never","Always"
"F",41,2.66,"Often","Often","Sometimes"
"F",59,0.89,"Often","Sometimes","Sometimes"
"A",91,1.15,"Sometimes","Sometimes","Sometimes"
"C",73,3.98,"Always","Never","Always"
"F",51,3.26,"Always","Never","Always"
"A",91,3.34,"Always","Often","Always"
"F",24,2.69,"Never","Sometimes","Sometimes"
"F",53,0.3,"Often","Sometimes","Sometimes"
"F",22,0.39,"Never","Sometimes","Never"
"F",21,3.24,"Always","Often","Always"
"A",63,3.19,"Always","Often","Always"
"F",49,3.63,"Always","Never","Always"
"F",51,1.06,"Sometimes","Sometimes","Sometimes"
"F",49,3.04,"Always","Never","Always"
"F",49,1.29,"Often","Never","Sometimes"
"F",14,1.82,"Never","Often","Never"
"B",88,0.9,"Often","Sometimes","Sometimes"
"B",56,3.27,"Always","Often","Always"
"A",91,1.78,"Sometimes","Sometimes","Sometimes"
"F",48,3.34,"Always","Never","Always"
"F",31,0.74,"Often","Sometimes","Never"
"B",46,2.84,"Never","Often","Sometimes"
"F",16,3.44,"Always","Sometimes","Always"
"C",71,3.59,"Always","Never","Always"
"F",2,0.42,"Often","Sometimes","Never"
"F",29,2.09,"Sometimes","Never","Sometimes"
"A",62,1.81,"Sometimes","Often","Sometimes"
"F",25,0.81,"Sometimes","Never","Never"
"F",18,0.59,"Sometimes","Often","Never"
"F",1,2.74,"Often","Often","Sometimes"
"F",32,2.14,"Often","Sometimes","Sometimes"
"F",26,2.84,"Never","Often","Sometimes"
"F",18,1.39,"Sometimes","Never","Never"
"C",63,0.53,"Sometimes","Sometimes","Sometimes"
"A",83,0.1,"Sometimes","Often","Sometimes"
"A",95,2.51,"Often","Never","Sometimes"
"B",55,2.26,"Never","Often","Sometimes"
"F",72,3.73,"Always","Never","Always"
"F",67,0.31,"Often","Often","Sometimes"
"B",81,3.08,"Always","Never","Always"
"F",18,3.07,"Always","Often","Always"
"F",1,3.04,"Always","Often","Always"
"B",46,1.82,"Sometimes","Often","Sometimes"
"A",92,2.92,"Sometimes","Often","Sometimes"
"F",49,2.17,"Often","Never","Sometimes"
"F",19,1.68,"Sometimes","Sometimes","Never"
"F",54,2.59,"Often","Often","Sometimes"
"F",23,2.14,"Sometimes","Often","Sometimes"
"B",81,1.89,"Never","Sometimes","Sometimes"
"F",12,0.11,"Often","Often","Never"
"B",87,2.44,"Never","Sometimes","Sometimes"
"F",21,1.86,"Often","Never","Never"
"A",84,0.02,"Never","Often","Sometimes"
"F",24,1.47,"Never","Never","Never"
"A",66,2.93,"Never","Often","Sometimes"
"F",17,2.4,"Sometimes","Never","Sometimes"
"F",8,2.69,"Often","Often","Sometimes"
"F",44,1.75,"Sometimes","Never","Sometimes"
"B",43,3.78,"Always","Never","Always"
"F",27,0.9,"Never","Never","Never"
"F",23,1.09,"Often","Often","Never"
"F",4,3.01,"Always","Sometimes","Always"
"F",16,3.96,"Always","Never","Always"
"B",89,3.85,"Always","Never","Always"
"F",23,0.02,"Often","Often","Never"
"F",52,2.37,"Never","Sometimes","Sometimes"
"F",31,0.74,"Often","Sometimes","Never"
"F",32,3.51,"Always","Never","Always"
"F",28,3.43,"Always","Sometimes","Always"
"A",76,4,"Always","Never","Always"
"C",73,0.99,"Never","Sometimes","Sometimes"
"F",33,1.85,"Never","Sometimes","Never"
"F",20,2.47,"Often","Sometimes","Sometimes"
"A",99,3.74,"Always","Never","Always"
"B",89,3.63,"Always","Never","Always"
"F",58,2.07,"Often","Often","Sometimes"
"F",62,2.48,"Often","Sometimes","Sometimes"
"A",100,2.61,"Never","Never","Sometimes"
"A",75,1.78,"Sometimes","Often","Sometimes"
"A",94,1.32,"Sometimes","Sometimes","Sometimes"
"F",21,0.73,"Never","Often","Never"
"F",8,2.98,"Never","Sometimes","Sometimes"
"F",26,2.63,"Often","Sometimes","Sometimes"
"F",4,2.96,"Often","Never","Sometimes"
"F",48,1.26,"Often","Often","Sometimes"
"F",39,2.04,"Often","Often","Sometimes"
"F",15,1.93,"Often","Sometimes","Never"
"F",4,0.92,"Sometimes","Often","Never"
"F",46,3.16,"Always","Never","Always"
"F",28,0.38,"Often","Never","Never"
"A",80,3.02,"Always","Often","Always"
"F",35,1.05,"Often","Never","Never"
"F",61,3.96,"Always","Never","Always"
"F",64,0.06,"Often","Never","Sometimes"
"A",93,0.44,"Sometimes","Often","Sometimes"
"F",32,3.04,"Always","Often","Always"
"F",47,2.9,"Often","Sometimes","Sometimes"
"F",21,2.07,"Sometimes","Sometimes","Sometimes"
"B",89,3.35,"Always","Sometimes","Always"
"F",72,3.4,"Always","Often","Always"
"A",93,0.16,"Often","Often","Sometimes"
"F",24,3.22,"Always","Sometimes","Always"
"A",99,2.5,"Sometimes","Often","Sometimes"
"F",34,1.59,"Sometimes","Often","Never"
"B",53,1.32,"Never","Often","Sometimes"
"F",2,1.02,"Never","Never","Never"
"F",53,2.38,"Never","Never","Sometimes"
"B",42,1.69,"Sometimes","Often","Sometimes"
"B",86,1.98,"Often","Never","Sometimes"
"C",80,0.9,"Sometimes","Sometimes","Sometimes"
"A",91,1.29,"Sometimes","Never","Sometimes"
"F",54,3.52,"Always","Never","Always"
"F",35,0.68,"Sometimes","Often","Never"
"F",14,2.65,"Never","Never","Sometimes"
"F",48,1.34,"Often","Sometimes","Sometimes"
"B",90,0.17,"Sometimes","Sometimes","Sometimes"
"F",38,2.66,"Never","Sometimes","Sometimes"
"F",19,3.42,"Always","Often","Always"
"F",38,0.99,"Sometimes","Sometimes","Never"
"F",50,1.79,"Sometimes","Sometimes","Sometimes"
"F",43,2.88,"Never","Sometimes","Sometimes"
"F",10,2.75,"Sometimes","Never","Sometimes"
"A",100,1.62,"Never","Sometimes","Sometimes"
"F",5,1.25,"Never","Never","Never"
"F",12,0.83,"Never","Often","Never"
"F",25,3.37,"Always","Sometimes","Always"
"F",72,4,"Always","Never","Always"
"F",17,3.9,"Always","Never","Always"
"F",28,1.2,"Never","Sometimes","Never"
"B",49,2.45,"Sometimes","Often","Sometimes"
"F",39,3.88,"Always","Never","Always"
"F",26,3.18,"Always","Sometimes","Always"
"F",28,0.48,"Sometimes","Often","Never"
"F",42,1.05,"Often","Never","Sometimes"
"F",31,2.74,"Often","Sometimes","Sometimes"
"A",96,1.38,"Never","Sometimes","Sometimes"
"B",51,1.72,"Sometimes","Often","Sometimes"
"F",50,0.21,"Often","Often","Sometimes"
"B",89,3.11,"Always","Sometimes","Always"
"B",57,0.73,"Sometimes","Often","Sometimes"
"A",83,2.76,"Often","Often","Sometimes"
"F",1,1.16,"Often","Never","Never"
"F",41,2.85,"Often","Never","Sometimes"
"F",10,3.67,"Always","Never","Always"
"C",73,1.38,"Never","Never","Sometimes"
"F",56,3.94,"Always","Never","Always"
"C",65,1.55,"Never","Sometimes","Sometimes"
"F",59,2.08,"Often","Often","Sometimes"
"B",48,2.96,"Sometimes","Often","Sometimes"
"F",23,0.5,"Never","Sometimes","Never"
"B",87,0.17,"Never","Sometimes","Sometimes"
"F",50,0.93,"Sometimes","Never","Sometimes"
"A",97,1.3,"Often","Often","Sometimes"
"F",12,2.11,"Never","Often","Sometimes"
"A",73,3.56,"Always","Never","Always"
"B",48,3.32,"Always","Often","Always"
"F",29,0.65,"Never","Often","Never"
"A",92,3.08,"Always","Never","Always"
"F",48,0.26,"Often","Sometimes","Sometimes"
"F",31,0.31,"Never","Often","Never"
"F",2,1.24,"Often","Often","Never"
"F",53,0.61,"Sometimes","Never","Sometimes"
"F",20,2.11,"Sometimes","Never","Sometimes"
"C",74,0.7,"Sometimes","Sometimes","Sometimes"
"F",2,0.9,"Often","Often","Never"
"F",68,2.44,"Often","Sometimes","Sometimes"
"C",80,0.54,"Never","Sometimes","Sometimes"
"F",28,3.91,"Always","Never","Always"
"F",21,0.87,"Sometimes","Never","Never"
"F",58,1.66,"Often","Often","Sometimes"
"F",21,0.61,"Never","Never","Never"
"F",31,0.87,"Sometimes","Sometimes","Never"
"B",41,3.37,"Always","Often","Always"
"F",74,1.92,"Often","Sometimes","Sometimes"
"F",57,0.78,"Sometimes","Never","Sometimes"
"A",81,1.38,"Often","Often","Sometimes"
"A",87,0.32,"Sometimes","Often","Sometimes"
"F",9,2.93,"Sometimes","Never","Sometimes"
"F",55,2.94,"Often","Often","Sometimes"
"B",85,1.63,"Sometimes","Sometimes","Sometimes"
"F",4,1.49,"Never","Sometimes","Never"
"F",31,0.63,"Never","Never","Never"
"A",64,0.06,"Never","Often","Sometimes"
"F",2,2.93,"Never","Sometimes","Sometimes"
"F",1,0.85,"Often","Never","Never"
"F",40,2.07,"Sometimes","Never","Sometimes"
"A",93,1.75,"Never","Never","Sometimes"
"B",84,2.99,"Often","Never","Sometimes"
"F",0,2.01,"Often","Never","Sometimes"
"F",0,0.21,"Never","Sometimes","Never"
"F",54,0.8,"Often","Often","Sometimes"
"F",51,1.36,"Sometimes","Never","Sometimes"
"F",39,0.33,"Often","Often","Never"
"F",21,0.84,"Never","Sometimes","Never"
"F",46,3.53,"Always","Never","Always"
"F",15,0.63,"Sometimes","Often","Never"
"F",25,1.3,"Sometimes","Often","Never"
"F",32,2.66,"Often","Often","Sometimes"
"A",67,0.72,"Sometimes","Often","Sometimes"
"A",97,1.25,"Never","Never","Sometimes"
"F",37,0.12,"Never","Never","Never"
"C",63,2.71,"Never","Sometimes","Sometimes"
"F",51,1.09,"Often","Never","Sometimes"
"F",1,3.62,"Always","Never","Always"
"A",99,1.92,"Sometimes","Sometimes","Sometimes"
"A",65,2.53,"Never","Often","Sometimes"
"A",92,2.51,"Never","Sometimes","Sometimes"
"F",19,0.65,"Often","Never","Never"
"F",26,3.74,"Always","Never","Always"
"C",72,3.87,"Always","Never","Always"
"F",11,0.03,"Sometimes","Never","Never"
"A",98,1.41,"Often","Sometimes","Sometimes"
"B",84,0.7,"Sometimes","Sometimes","Sometimes"
"F",50,1.26,"Sometimes","Never","Sometimes"
"A",82,1.37,"Sometimes","Often","Sometimes"
"F",27,1.67,"Often","Often","Never"
"B",49,1.19,"Never","Often","Sometimes"
"F",16,0.01,"Never","Often","Never"
"F",38,1.98,"Often","Never","Never"
"A",96,0.28,"Often","Sometimes","Sometimes"
"F",5,3.31,"Always","Often","Always"
"F",23,2.32,"Sometimes","Sometimes","Sometimes"
"B",90,1.98,"Never","Sometimes","Sometimes"
"C",66,3.06,"Always","Never","Always"
"F",16,0.45,"Never","Never","Never"
"F",28,0.67,"Never","Never","Never"
"F",53,1.06,"Sometimes","Sometimes","Sometimes"
"F",40,0.76,"Never","Sometimes","Sometimes"
"C",72,2.74,"Sometimes","Never","Sometimes"
"B",82,3.82,"Always","Never","Always"
"F",21,1.12,"Never","Never","Never"
"F",13,3.84,"Always","Never","Always"
"F",12,3.57,"Always","Never","Always"
"F",21,3.07,"Always","Often","Always"
"F",44,3.81,"Always","Never","Always"
"C",65,0.74,"Never","Sometimes","Sometimes"
"F",12,3.84,"Always","Never","Always"
"F",10,2.79,"Sometimes","Sometimes","Sometimes"
"F",23,0.36,"Often","Sometimes","Never"
"A",99,3.4,"Always","Sometimes","Always"
"A",100,1.43,"Sometimes","Never","Sometimes"
"F",31,3.03,"Always","Sometimes","Always"
"B",51,2.36,"Never","Often","Sometimes"
"F",48,2.68,"Sometimes","Never","Sometimes"
"F",39,2.92,"Often","Often","Sometimes"
"F",2,3.2,"Always","Never","Always"
"F",41,2.69,"Sometimes","Sometimes","Sometimes"
"F",33,1.81,"Sometimes","Sometimes","Never"
"A",92,0.11,"Sometimes","Sometimes","Sometimes"
"F",58,0.83,"Never","Sometimes","Sometimes"
"C",61,3.27,"Always","Sometimes","Always"
"A",78,0.59,"Often","Often","Sometimes"
"F",42,2.81,"Sometimes","Sometimes","Sometimes"
"F",56,0.75,"Never","Never","Sometimes"
"A",89,0.08,"Sometimes","Often","Sometimes"
"A",93,0.35,"Often","Never","Sometimes"
"F",3,2.97,"Often","Often","Sometimes"
"B",56,3.44,"Always","Often","Always"
"A",82,2.53,"Sometimes","Often","Sometimes"
"F",31,2.71,"Sometimes","Often","Sometimes"
"B",89,3.29,"Always","Never","Always"
"F",20,1.83,"Sometimes","Often","Never"
"F",64,2.28,"Often","Often","Sometimes"
"C",70,1.41,"Never","Sometimes","Sometimes"
"F",53,3.54,"Always","Never","Always"
"B",87,2.72,"Never","Never","Sometimes"
"F",62,2.91,"Often","Never","Sometimes"
"A",86,0.81,"Often","Often","Sometimes"
"F",37,2.33,"Sometimes","Often","Sometimes"
"C",66,2.7,"Sometimes","Sometimes","Sometimes"
"A",99,2.36,"Never","Sometimes","Sometimes"
"A",96,1.44,"Often","Never","Sometimes"
"C",73,3.34,"Always","Never","Always"
"F",55,0.95,"Often","Often","Sometimes"
"C",73,0.53,"Never","Never","Sometimes"
"F",19,2.4,"Often","Sometimes","Sometimes"
"F",24,3.51,"Always","Never","Always"
"B",85,0.15,"Sometimes","Never","Sometimes"
"A",92,1.42,"Sometimes","Sometimes","Sometimes"
"F",40,3.82,"Always","Never","Always"
"F",33,0.59,"Often","Sometimes","Never"
"F",42,2.13,"Never","Never","Sometimes"
"F",61,0.81,"Often","Never","Sometimes"
"A",88,3.04,"Always","Often","Always"
"F",14,1.03,"Often","Sometimes","Never"
"C",76,1.18,"Often","Never","Sometimes"
"A",94,3.5,"Always","Sometimes","Always"
"B",83,0.25,"Sometimes","Sometimes","Sometimes"
"F",12,3.48,"Always","Sometimes","Always"
"F",40,2.18,"Never","Often","Sometimes"
"C",70,0.54,"Sometimes","Never","Sometimes"
"F",52,2.15,"Sometimes","Sometimes","Sometimes"
"A",94,1.3,"Often","Sometimes","Sometimes"
"F",58,1.22,"Often","Never","Sometimes"
"F",33,0.33,"Sometimes","Sometimes","Never"
"F",37,1.35,"Sometimes","Sometimes","Never"
"A",76,2.77,"Often","Often","Sometimes"
"A",60,1.34,"Sometimes","Sometimes","Sometimes"
"A",65,3.45,"Always","Often","Always"
"F",1,2.86,"Sometimes","Never","Sometimes"
"F",34,3.09,"Always","Never","Always"
"C",61,3.86,"Always","Never","Always"
"F",34,2.75,"Often","Never","Sometimes"
"F",44,2.03,"Often","Never","Sometimes"
"F",15,3.24,"Always","Often","Always"
"F",15,0.97,"Sometimes","Never","Never"
"A",98,0.42,"Sometimes","Never","Sometimes"
"F",36,3.11,"Always","Never","Always"
"F",13,0.24,"Never","Sometimes","Never"
"F",57,2.69,"Often","Never","Sometimes"
"F",65,3.77,"Always","Never","Always"
"C",69,1.57,"Never","Never","Sometimes"
"A",88,3.07,"Always","Often","Always"
"A",91,0.24,"Often","Never","Sometimes"
"B",89,1.14,"Sometimes","Never","Sometimes"
"B",85,2.98,"Never","Sometimes","Sometimes"
"F",53,2.16,"Often","Never","Sometimes"
"A",96,1.62,"Sometimes","Sometimes","Sometimes"
"A",98,3.38,"Always","Sometimes","Always"
"F",0,0.01,"Often","Never","Never"
"F",28,1.15,"Never","Sometimes","Never"
"F",1,3.29,"Always","Never","Always"
"C",66,3.05,"Always","Never","Always"
"A",98,0.52,"Never","Sometimes","Sometimes"
"F",18,2.08,"Sometimes","Often","Sometimes"
"F",32,3.15,"Always","Often","Always"
"B",52,2.14,"Never","Often","Sometimes"
"F",32,3.25,"Always","Never","Always"
"F",17,2.61,"Sometimes","Sometimes","Sometimes"
"F",10,1.79,"Sometimes","Sometimes","Never"
"F",68,1.06,"Often","Sometimes","Sometimes"
"A",62,2.88,"Never","Often","Sometimes"
"F",45,2.23,"Sometimes","Never","Sometimes"
"A",86,0.19,"Never","Often","Sometimes"
"F",51,1.36,"Often","Sometimes","Sometimes"
"F",23,1.33,"Never","Sometimes","Never"
"B",42,0.44,"Never","Often","Sometimes"
"A",96,1.07,"Often","Never","Sometimes"
"F",32,2.85,"Sometimes","Never","Sometimes"
"F",46,2.28,"Never","Sometimes","Sometimes"
"B",82,3.19,"Always","Sometimes","Always"
"F",36,3.56,"Always","Never","Always"
"F",55,1.06,"Often","Sometimes","Sometimes"
"F",11,0.11,"Often","Never","Never"
"F",21,2.74,"Often","Sometimes","Sometimes"
"F",18,1.98,"Sometimes","Sometimes","Never"
"F",9,1.13,"Often","Sometimes","Never"
"A",97,1.23,"Never","Often","Sometimes"
"B",83,1.3,"Never","Never","Sometimes"
"F",25,2.26,"Never","Sometimes","Sometimes"
"A",93,0.71,"Often","Never","Sometimes"
"F",56,2.93,"Often","Often","Sometimes"
"C",67,1.49,"Never","Sometimes","Sometimes"
"F",68,3.41,"Always","Never","Always"
"F",50,0.31,"Sometimes","Sometimes","Sometimes"
"F",30,0.43,"Never","Never","Never"
"F",28,3.9,"Always","Never","Always"
"F",6,0.67,"Never","Never","Never"
"F",37,1.17,"Sometimes","Sometimes","Never"
"A",66,3.56,"Always","Never","Always"
"B",54,3.21,"Always","Often","Always"
"F",9,1.93,"Sometimes","Often","Never"
"F",17,0.49,"Often","Often","Never"
"C",79,0.29,"Often","Never","Sometimes"
"F",33,0.19,"Often","Never","Never"
"B",90,3.87,"Always","Never","Always"
"B",57,1.31,"Never","Often","Sometimes"
"F",59,1.61,"Never","Never","Sometimes"
"A",93,3.63,"Always","Never","Always"
"F",20,1.98,"Sometimes","Sometimes","Never"
"F",40,0.62,"Sometimes","Often","Sometimes"
"A",90,0.46,"Often","Often","Sometimes"
"A",88,2.01,"Sometimes","Often","Sometimes"
"B",81,3.62,"Always","Never","Always"
"A",66,2.61,"Never","Often","Sometimes"
"F",52,1.74,"Never","Never","Sometimes"
"F",36,0.9,"Sometimes","Never","Never"
"F",22,2.18,"Sometimes","Often","Sometimes"
"F",3,0.95,"Never","Often","Never"
"F",9,3.05,"Always","Never","Always"
"F",10,0.08,"Never","Sometimes","Never"
"F",46,2.35,"Never","Sometimes","Sometimes"
"F",41,3.58,"Always","Never","Always"
"F",71,2.61,"Often","Never","Sometimes"
"F",31,2.3,"Never","Often","Sometimes"
"F",49,2.91,"Never","Sometimes","Sometimes"
"F",2,2.05,"Often","Often","Sometimes"
"F",70,3.84,"Always","Never","Always"
"B",42,2.34,"Sometimes","Often","Sometimes"
"F",52,0.36,"Never","Never","Sometimes"
"F",9,3.37,"Always","Sometimes","Always"
"F",27,2.38,"Sometimes","Never","Sometimes"
"B",88,3.1,"Always","Sometimes","Always"
"F",6,2.7,"Never","Sometimes","Sometimes"
"F",21,3.76,"Always","Never","Always"
"F",6,1.13,"Never","Often","Never"
"B",60,0.3,"Sometimes","Often","Sometimes"
"F",34,0.4,"Often","Often","Never"
"F",48,2.47,"Never","Sometimes","Sometimes"
"F",54,1.89,"Sometimes","Sometimes","Sometimes"
"F",23,3,"Often","Never","Sometimes"
"A",87,0.88,"Often","Often","Sometimes"
"F",19,3.85,"Always","Never","Always"
"A",85,0.46,"Sometimes","Often","Sometimes"
"A",99,0.76,"Never","Often","Sometimes"
"F",40,3.04,"Always","Sometimes","Always"
"C",76,2.62,"Never","Sometimes","Sometimes"
"B",49,1.75,"Sometimes","Often","Sometimes"
"F",29,0.98,"Never","Often","Never"
"C",66,2.02,"Never","Sometimes","Sometimes"
"A",82,0.96,"Often","Often","Sometimes"
"F",13,0.14,"Never","Often","Never"
"F",7,0.78,"Sometimes","Sometimes","Never"
"A",80,0.04,"Often","Often","Sometimes"
"F",17,3.11,"Always","Sometimes","Always"
"A",99,2.82,"Never","Often","Sometimes"
"A",78,0.22,"Never","Often","Sometimes"
"F",35,2.83,"Never","Often","Sometimes"
"F",74,0.3,"Often","Often","Sometimes"
"A",80,3.77,"Always","Never","Always"
"A",85,1.71,"Never","Often","Sometimes"
"F",5,0.55,"Never","Often","Never"
"B",88,1.97,"Often","Sometimes","Sometimes"
"F",32,3.43,"Always","Never","Always"
"F",71,2.22,"Often","Sometimes","Sometimes"
"A",96,3.83,"Always","Never","Always"
"C",75,1.88,"Often","Never","Sometimes"
"A",98,2.65,"Never","Sometimes","Sometimes"
"B",87,1.74,"Never","Sometimes","Sometimes"
"F",41,0.38,"Sometimes","Sometimes","Sometimes"
"C",76,3.75,"Always","Never","Always"
"B",54,2.84,"Sometimes","Often","Sometimes"
"F",24,3.45,"Always","Often","Always"
"F",27,3.5,"Always","Often","Always"
"F",23,0.98,"Sometimes","Never","Never"
"F",5,0.79,"Sometimes","Sometimes","Never"
"F",47,1.71,"Never","Never","Sometimes"
"F",20,0.02,"Sometimes","Sometimes","Never"
"B",42,0.86,"Never","Often","Sometimes"
"C",63,2.53,"Sometimes","Never","Sometimes"
"C",65,2.35,"Sometimes","Never","Sometimes"
"F",27,2.44,"Often","Often","Sometimes"
"F",19,2.13,"Never","Never","Sometimes"
"C",72,1.54,"Never","Sometimes","Sometimes"
"A",97,2.46,"Sometimes","Often","Sometimes"
"B",54,0.3,"Never","Often","Sometimes"
"F",53,3.71,"Always","Never","Always"
"A",85,3.95,"Always","Never","Always"
"F",20,1.26,"Never","Often","Never"
"F",34,3.3,"Always","Often","Always"
"B",58,2.73,"Sometimes","Often","Sometimes"
"B",88,1.98,"Sometimes","Sometimes","Sometimes"
"F",11,1.48,"Never","Sometimes","Never"
"F",51,0.44,"Never","Sometimes","Sometimes"
"B",51,1.62,"Sometimes","Often","Sometimes"
"A",97,1.05,"Never","Never","Sometimes"
"C",66,0.84,"Never","Sometimes","Sometimes"
"F",72,2.4,"Often","Sometimes","Sometimes"
"F",29,2.65,"Sometimes","Sometimes","Sometimes"
"F",43,0.68,"Never","Never","Sometimes"
"F",30,0.13,"Often","Never","Never"
"F",41,3.18,"Always","Sometimes","Always"
"F",56,0.23,"Never","Sometimes","Sometimes"
"F",23,0.12,"Sometimes","Often","Never"
"F",14,2.85,"Never","Never","Sometimes"
"F",20,2.71,"Often","Sometimes","Sometimes"
"F",53,3.89,"Always","Never","Always"
"B",83,3.89,"Always","Never","Always"
"A",95,3.65,"Always","Never","Always"
"F",11,3.72,"Always","Never","Always"
"F",13,1.14,"Never","Often","Never"
"A",79,3.26,"Always","Often","Always"
"A",98,0.62,"Never","Never","Sometimes"
"F",58,1.29,"Often","Often","Sometimes"
"A",76,3.37,"Always","Often","Always"
"B",87,2.58,"Often","Never","Sometimes"
"F",44,3.22,"Always","Never","Always"
"F",36,3.24,"Always","Never","Always"
"F",3,0.06,"Never","Often","Never"
"C",62,3.39,"Always","Never","Always"
"B",56,0.04,"Never","Often","Sometimes"
"B",84,1.25,"Sometimes","Never","Sometimes"
"A",97,1.99,"Often","Often","Sometimes"
"A",100,2.2,"Often","Never","Sometimes"
"F",36,0.28,"Sometimes","Never","Never"
"F",9,2.24,"Never","Often","Sometimes"
"F",60,0.64,"Often","Often","Sometimes"
"F",48,1.4,"Never","Sometimes","Sometimes"
"B",89,1.66,"Often","Never","Sometimes"
"A",70,2.18,"Never","Often","Sometimes"
"C",66,2.87,"Never","Sometimes","Sometimes"
"F",3,2.21,"Often","Sometimes","Sometimes"
"A",93,2.38,"Never","Sometimes","Sometimes"
"F",44,1.65,"Sometimes","Never","Sometimes"
"F",29,2.09,"Often","Never","Sometimes"
"C",80,1.26,"Often","Never","Sometimes"
"B",55,2.42,"Never","Often","Sometimes"
"F",51,1.53,"Often","Never","Sometimes"
"F",19,2.05,"Never","Often","Sometimes"
"F",4,0.43,"Often","Sometimes","Never"
"A",76,3.52,"Always","Never","Always"
"F",56,3.96,"Always","Never","Always"
"F",61,1.22,"Often","Sometimes","Sometimes"
"C",75,2.45,"Never","Sometimes","Sometimes"
"F",54,1.09,"Sometimes","Never","Sometimes"
"F",13,3.02,"Always","Often","Always"
"F",2,3.07,"Always","Often","Always"
"F",32,0.79,"Often","Never","Never"
"F",53,3.3,"Always","Sometimes","Always"
"F",46,0.57,"Sometimes","Sometimes","Sometimes"
"F",8,2.63,"Never","Sometimes","Sometimes"
"F",36,2.32,"Sometimes","Sometimes","Sometimes"
"F",36,1.15,"Never","Sometimes","Never"
"A",95,2.9,"Never","Sometimes","Sometimes"
"F",37,0.7,"Often","Never","Never"
"F",51,0.93,"Sometimes","Sometimes","Sometimes"
"C",64,1.36,"Sometimes","Sometimes","Sometimes"
"F",30,3.94,"Always","Never","Always"
"F",9,0.52,"Often","Often","Never"
"F",36,2.38,"Sometimes","Sometimes","Sometimes"
"F",55,3.46,"Always","Never","Always"
"B",57,2.18,"Sometimes","Often","Sometimes"
"B",47,0.23,"Never","Often","Sometimes"
"A",96,1.01,"Often","Often","Sometimes"
"F",39,1.4,"Sometimes","Often","Never"
"F",51,1.16,"Often","Sometimes","Sometimes"
"F",12,3.05,"Always","Never","Always"
"B",89,1.66,"Never","Never","Sometimes"
"C",71,1.8,"Never","Sometimes","Sometimes"
"F",58,1.71,"Often","Never","Sometimes"
"C",74,2.08,"Never","Never","Sometimes"
"B",48,3.53,"Always","Never","Always"
"B",81,3.19,"Always","Never","Always"
"B",86,1.69,"Never","Never","Sometimes"
"C",68,3.66,"Always","Never","Always"
"F",55,3.12,"Always","Never","Always"
"F",13,1.98,"Often","Often","Never"
"C",73,0.69,"Never","Never","Sometimes"
"A",94,1.42,"Often","Sometimes","Sometimes"
"F",45,0.65,"Often","Never","Sometimes"
"B",82,2.04,"Often","Never","Sometimes"
"F",11,2.87,"Often","Sometimes","Sometimes"
"B",88,0.73,"Often","Never","Sometimes"
"B",86,0.65,"Often","Never","Sometimes"
"F",28,3.91,"Always","Never","Always"
"A",92,0.77,"Sometimes","Sometimes","Sometimes"
"F",42,2.47,"Never","Sometimes","Sometimes"
"F",67,0.71,"Often","Sometimes","Sometimes"
"C",77,0.8,"Sometimes","Never","Sometimes"
"F",35,0.56,"Sometimes","Often","Never"
"A",100,3.18,"Always","Sometimes","Always"
"F",41,3.09,"Always","Sometimes","Always"
"F",38,2.25,"Sometimes","Sometimes","Sometimes"
"F",14,0.86,"Often","Often","Never"
"F",44,2.89,"Never","Sometimes","Sometimes"
"F",16,0.09,"Never","Sometimes","Never"
"F",64,0.13,"Often","Sometimes","Sometimes"
"F",71,3.61,"Always","Never","Always"
"F",74,2.85,"Often","Never","Sometimes"
"F",22,3.84,"Always","Never","Always"
"F",33,1.97,"Sometimes","Often","Never"
"C",79,1.15,"Never","Never","Sometimes"
"F",60,2.99,"Sometimes","Never","Sometimes"
"F",4,3.96,"Always","Never","Always"
"F",62,1.57,"Often","Never","Sometimes"
"F",5,1.31,"Often","Never","Never"
"C",79,2.07,"Sometimes","Sometimes","Sometimes"
"A",63,0.11,"Sometimes","Often","Sometimes"
"F",31,3.71,"Always","Never","Always"
"B",82,3.87,"Always","Never","Always"
"F",2,1.81,"Often","Often","Never"
"F",27,1.07,"Never","Often","Never"
"F",1,3.87,"Always","Never","Always"
"F",27,2.82,"Often","Never","Sometimes"
"B",41,2.92,"Never","Often","Sometimes"
"A",94,3.6,"Always","Never","Always"
"F",35,1.18,"Often","Often","Never"
"F",3,0.98,"Never","Sometimes","Never"
"F",33,3.12,"Always","Often","Always"
"F",38,1.53,"Sometimes","Often","Never"
"F",51,0.43,"Often","Sometimes","Sometimes"
"F",19,3.61,"Always","Never","Always"
"F",10,2.81,"Often","Sometimes","Sometimes"
"F",2,0.67,"Sometimes","Never","Never"
"F",4,0.98,"Sometimes","Sometimes","Never"
"F",11,2.94,"Never","Never","Sometimes"
"C",63,3.4,"Always","Sometimes","Always"
"A",96,0.71,"Sometimes","Sometimes","Sometimes"
"F",19,2.75,"Never","Sometimes","Sometimes"
"F",33,2,"Often","Never","Sometimes"
"F",41,0.93,"Never","Never","Sometimes"
"F",17,0.29,"Often","Never","Never"
"F",35,2.23,"Sometimes","Often","Sometimes"
"F",3,2.63,"Sometimes","Often","Sometimes"
"C",65,0.4,"Never","Never","Sometimes"
"F",48,2.01,"Often","Sometimes","Sometimes"
"F",24,2.15,"Never","Often","Sometimes"
"F",32,1.82,"Never","Sometimes","Never"
"B",42,2.28,"Sometimes","Often","Sometimes"
"F",13,1.13,"Often","Sometimes","Never"
"F",25,1.13,"Sometimes","Never","Never"
"F",31,1.54,"Sometimes","Sometimes","Never"
"F",0,0.99,"Often","Sometimes","Never"
"F",56,1.83,"Often","Often","Sometimes"
"B",86,2.46,"Often","Never","Sometimes"
"F",21,2.23,"Sometimes","Often","Sometimes"
"A",77,2.66,"Sometimes","Often","Sometimes"
"B",84,0.08,"Never","Sometimes","Sometimes"
"F",73,1.19,"Often","Sometimes","Sometimes"
"A",99,2.18,"Sometimes","Sometimes","Sometimes"
"F",18,0.51,"Often","Never","Never"
"F",9,0.54,"Often","Sometimes","Never"
"F",73,1.35,"Often","Never","Sometimes"
"F",16,1.19,"Sometimes","Sometimes","Never"
"A",95,0.29,"Sometimes","Often","Sometimes"
"F",52,1.17,"Never","Sometimes","Sometimes"
"F",21,0.79,"Never","Sometimes","Never"
"F",2,0.68,"Often","Never","Never"
"F",37,2.56,"Never","Sometimes","Sometimes"
"A",96,1.65,"Often","Never","Sometimes"
"B",52,0.67,"Never","Often","Sometimes"
"F",66,0.68,"Often","Sometimes","Sometimes"
"A",84,2.97,"Never","Often","Sometimes"
"F",46,0.54,"Often","Often","Sometimes"
"B",55,1.85,"Never","Often","Sometimes"
"F",52,2.41,"Sometimes","Sometimes","Sometimes"
"A",97,3.46,"Always","Often","Always"
"F",37,3.94,"Always","Never","Always"
"B",41,3.55,"Always","Never","Always"
"F",45,2.66,"Often","Often","Sometimes"
"F",47,1.42,"Sometimes","Sometimes","Sometimes"
"F",38,0.79,"Often","Often","Never"
"F",42,2.49,"Sometimes","Never","Sometimes"
"F",23,2.53,"Often","Often","Sometimes"
"A",98,2.28,"Often","Sometimes","Sometimes"
"B",85,2.72,"Sometimes","Never","Sometimes"
"F",14,0.49,"Often","Never","Never"
"B",42,1.4,"Sometimes","Often","Sometimes"
"C",77,1.6,"Sometimes","Sometimes","Sometimes"
"C",79,0.01,"Never","Never","Sometimes"
"C",77,3.02,"Always","Sometimes","Always"
"F",46,3.96,"Always","Never","Always"
"F",25,3.56,"Always","Never","Always"
"A",93,0.15,"Sometimes","Never","Sometimes"
"B",87,0.27,"Often","Never","Sometimes"
"C",80,0.15,"Sometimes","Never","Sometimes"
"F",19,3.14,"Always","Often","Always"
"B",90,3.38,"Always","Sometimes","Always"
"F",40,0.82,"Often","Sometimes","Sometimes"
"F",27,1.54,"Sometimes","Never","Never"
"B",48,3.15,"Always","Often","Always"
"F",7,0.63,"Often","Often","Never"
"F",20,2.11,"Never","Never","Sometimes"
"F",21,1.26,"Never","Never","Never"
"F",27,1.56,"Often","Often","Never"
"F",34,0.49,"Often","Never","Never"
"B",83,2.92,"Never","Never","Sometimes"
"F",44,1.59,"Often","Sometimes","Sometimes"
"F",45,1.56,"Often","Often","Sometimes"
"F",45,3.3,"Always","Never","Always"
"F",54,1.19,"Never","Never","Sometimes"
"A",66,2.21,"Sometimes","Often","Sometimes"
"A",98,1.53,"Sometimes","Often","Sometimes"
"A",97,0.07,"Never","Often","Sometimes"
"F",46,2.19,"Often","Often","Sometimes"
"A",96,3.64,"Always","Never","Always"
"F",24,2.1,"Often","Sometimes","Sometimes"
"B",87,2.42,"Never","Never","Sometimes"
"F",49,2.04,"Never","Sometimes","Sometimes"
"F",14,1.18,"Often","Never","Never"
"F",42,3.51,"Always","Never","Always"
"C",77,2.71,"Never","Sometimes","Sometimes"
"F",19,1.35,"Never","Often","Never"
"F",12,1.9,"Often","Often","Never"
"F",21,2.02,"Often","Sometimes","Sometimes"
"F",19,2.61,"Never","Sometimes","Sometimes"
"F",45,1.65,"Often","Often","Sometimes"
"F",14,1.6,"Never","Sometimes","Never"
"A",94,2.01,"Never","Often","Sometimes"
"C",64,3.64,"Always","Never","Always"
"F",45,1.92,"Never","Never","Sometimes"
"A",100,2.22,"Never","Sometimes","Sometimes"
"B",47,0.03,"Never","Often","Sometimes"
"C",77,3.64,"Always","Never","Always"
"F",45,0.02,"Often","Never","Sometimes"
"F",33,0.75,"Sometimes","Often","Never"
"F",60,3.42,"Always","Never","Always"
"B",60,0.79,"Sometimes","Sometimes","Sometimes"
"F",29,2.84,"Sometimes","Often","Sometimes"
"A",64,1.72,"Sometimes","Often","Sometimes"
"F",5,3.24,"Always","Often","Always"
"F",58,2.51,"Often","Sometimes","Sometimes"
"A",63,1.97,"Sometimes","Often","Sometimes"
"F",54,0.03,"Often","Often","Sometimes"
"F",3,2.27,"Often","Often","Sometimes"
"F",17,3.95,"Always","Never","Always"
"A",99,0.87,"Never","Sometimes","Sometimes"
"F",59,2.91,"Sometimes","Never","Sometimes"
"B",58,1.9,"Sometimes","Often","Sometimes"
"F",28,1.11,"Often","Sometimes","Never"
"C",64,1.85,"Sometimes","Sometimes","Sometimes"
"F",27,2.27,"Never","Never","Sometimes"
"F",48,3.99,"Always","Never","Always"
"A",72,1.69,"Sometimes","Often","Sometimes"
"F",34,3.83,"Always","Never","Always"
"F",32,3.12,"Always","Sometimes","Always"
"F",39,0.4,"Sometimes","Sometimes","Never"
"B",46,0.42,"Never","Often","Sometimes"
"F",57,3.25,"Always","Never","Always"
"F",25,2.55,"Never","Never","Sometimes"
"C",61,2.78,"Never","Sometimes","Sometimes"
"F",18,3.54,"Always","Never","Always"
"C",67,3.46,"Always","Sometimes","Always"
"F",43,1.19,"Sometimes","Never","Sometimes"
"C",63,3.82,"Always","Never","Always"
"B",59,2.07,"Sometimes","Often","Sometimes"
"A",65,0.27,"Never","Often","Sometimes"
"F",46,2.37,"Never","Never","Sometimes"
"A",66,3.67,"Always","Never","Always"
"F",37,2.67,"Never","Never","Sometimes"
"A",80,3.75,"Always","Never","Always"
"F",15,2.67,"Often","Sometimes","Sometimes"
"A",71,1.61,"Never","Often","Sometimes"
"B",83,2.31,"Never","Never","Sometimes"
"F",18,0.95,"Sometimes","Sometimes","Never"
"F",4,0.47,"Often","Never","Never"
"A",93,1.01,"Sometimes","Sometimes","Sometimes"
"F",26,2.03,"Never","Never","Sometimes"
"F",48,0.68,"Often","Never","Sometimes"
"C",65,0.42,"Never","Sometimes","Sometimes"
"F",25,2.46,"Never","Often","Sometimes"
"F",15,3.62,"Always","Never","Always"
"F",7,1.66,"Sometimes","Often","Never"
"F",32,0.46,"Often","Often","Never"
"A",78,1.41,"Often","Often","Sometimes"
"F",40,1.66,"Sometimes","Never","Sometimes"
"F",2,3.47,"Always","Never","Always"
"F",10,1.78,"Never","Never","Never"
"F",23,3.99,"Always","Never","Always"
"F",9,1.42,"Never","Never","Never"
"F",71,2.13,"Often","Never","Sometimes"
"F",9,1.9,"Never","Often","Never"
"C",79,3.91,"Always","Never","Always"
"A",84,1.7,"Never","Often","Sometimes"
"F",52,1.54,"Often","Sometimes","Sometimes"
"F",20,1.48,"Sometimes","Sometimes","Never"
"A",96,3.08,"Always","Often","Always"
"F",45,0.54,"Never","Never","Sometimes"
"F",55,0.43,"Sometimes","Never","Sometimes"
"F",37,3.58,"Always","Never","Always"
"F",41,0.88,"Often","Sometimes","Sometimes"
"F",69,0.69,"Often","Sometimes","Sometimes"
"A",94,2.8,"Never","Never","Sometimes"
"F",9,3.23,"Always","Sometimes","Always"
"F",5,2.91,"Sometimes","Often","Sometimes"
"F",12,2.58,"Sometimes","Never","Sometimes"
"F",14,2.01,"Sometimes","Sometimes","Sometimes"
"F",15,2.95,"Often","Sometimes","Sometimes"
"A",81,3.29,"Always","Often","Always"
"F",53,1.79,"Never","Never","Sometimes"
"F",23,0.03,"Never","Sometimes","Never"
"F",9,2.42,"Never","Sometimes","Sometimes"
"A",96,1.7,"Often","Often","Sometimes"
"F",35,0.61,"Sometimes","Sometimes","Never"
"F",57,2.28,"Sometimes","Never","Sometimes"
"B",84,1.66,"Sometimes","Never","Sometimes"
"F",8,0.98,"Often","Sometimes","Never"
"B",83,2.91,"Sometimes","Sometimes","Sometimes"
"B",90,2.64,"Often","Never","Sometimes"
"F",54,1.65,"Often","Never","Sometimes"
"F",27,2.7,"Often","Never","Sometimes"
"F",11,1.09,"Often","Never","Never"
"F",67,3.93,"Always","Never","Always"
"A",73,1.89,"Sometimes","Often","Sometimes"
"F",37,0.46,"Never","Never","Never"
"A",98,1.6,"Sometimes","Sometimes","Sometimes"
"A",89,0.8,"Never","Often","Sometimes"
"F",38,0.3,"Often","Sometimes","Never"
"F",5,3.28,"Always","Often","Always"
"A",92,3.13,"Always","Often","Always"
"F",30,3.16,"Always","Often","Always"
"A",87,0.3,"Never","Often","Sometimes"
"F",65,3.86,"Always","Never","Always"
"C",80,3.47,"Always","Never","Always"
"F",16,0.01,"Never","Sometimes","Never"
"F",1,1.69,"Never","Sometimes","Never"
"B",89,3.86,"Always","Never","Always"
"A",83,0.38,"Sometimes","Often","Sometimes"
"F",3,0.39,"Often","Sometimes","Never"
"F",53,1.33,"Often","Never","Sometimes"
"F",24,1.96,"Never","Never","Never"
"A",71,1.71,"Never","Often","Sometimes"
"B",87,3.68,"Always","Never","Always"
"A",74,0.2,"Never","Often","Sometimes"
"B",50,1.97,"Sometimes","Often","Sometimes"
"F",18,3.83,"Always","Never","Always"
"B",87,1.78,"Never","Never","Sometimes"
"F",4,0.93,"Never","Often","Never"
"A",81,1.83,"Never","Often","Sometimes"
"C",75,2.6,"Often","Sometimes","Sometimes"
"A",91,2.91,"Often","Never","Sometimes"
"F",52,2.25,"Often","Never","Sometimes"
"F",40,2.55,"Often","Often","Sometimes"
"B",81,1.53,"Sometimes","Sometimes","Sometimes"
"A",94,2.09,"Never","Never","Sometimes"
"F",52,1.96,"Often","Sometimes","Sometimes"
"F",15,0.09,"Never","Sometimes","Never"
"C",65,2.14,"Never","Sometimes","Sometimes"
"F",4,3.72,"Always","Never","Always"
"A",62,0.76,"Sometimes","Often","Sometimes"
"F",62,0.99,"Often","Never","Sometimes"
"F",66,1.31,"Often","Often","Sometimes"
"F",36,1.18,"Never","Sometimes","Never"
"F",24,3.32,"Always","Never","Always"
"F",8,1.75,"Never","Often","Never"
"F",2,0.29,"Often","Never","Never"
"F",47,3.57,"Always","Never","Always"
"F",59,0.49,"Often","Never","Sometimes"
"F",22,1.07,"Never","Sometimes","Never"
"F",72,2.9,"Often","Often","Sometimes"
"F",22,3.49,"Always","Sometimes","Always"
"F",46,3.82,"Always","Never","Always"
"F",18,3.5,"Always","Sometimes","Always"
"B",60,2.07,"Never","Sometimes","Sometimes"
"F",40,2.39,"Never","Never","Sometimes"
"F",7,3.36,"Always","Never","Always"
"A",90,3.08,"Always","Often","Always"
"F",53,1.87,"Often","Sometimes","Sometimes"
"C",68,3.17,"Always","Never","Always"
"F",21,2.78,"Sometimes","Often","Sometimes"
"A",71,2.46,"Sometimes","Often","Sometimes"
"C",76,0,"Often","Never","Sometimes"
"F",10,0.98,"Sometimes","Often","Never"
"F",19,2.61,"Never","Sometimes","Sometimes"
"C",71,3.46,"Always","Never","Always"
"B",83,3.05,"Always","Sometimes","Always"
"F",12,3.85,"Always","Never","Always"
"F",57,3.51,"Always","Never","Always"
"B",49,0.81,"Never","Often","Sometimes"
"F",20,1.8,"Never","Sometimes","Never"
"F",27,3.91,"Always","Never","Always"
"F",21,2.38,"Often","Sometimes","Sometimes"
"F",19,0.7,"Never","Never","Never"
"F",36,0.13,"Sometimes","Never","Never"
"F",43,0.64,"Sometimes","Sometimes","Sometimes"
"F",18,3.79,"Always","Never","Always"
"F",8,0.64,"Sometimes","Often","Never"
"F",58,0.27,"Never","Sometimes","Sometimes"
"F",38,3.27,"Always","Often","Always"
"F",16,1.35,"Sometimes","Often","Never"
"A",60,2.05,"Sometimes","Sometimes","Sometimes"
"C",68,2.58,"Sometimes","Sometimes","Sometimes"
"F",20,3.96,"Always","Never","Always"
"F",5,3.23,"Always","Sometimes","Always"
"F",40,1.07,"Never","Often","Sometimes"
"F",8,0.39,"Sometimes","Often","Never"
"B",59,0.13,"Never","Often","Sometimes"
"F",15,4,"Always","Never","Always"
"A",99,1.17,"Often","Often","Sometimes"
"F",58,3.38,"Always","Never","Always"
"F",22,2.72,"Often","Often","Sometimes"
"A",92,1.41,"Never","Never","Sometimes"
"A",63,3.87,"Always","Never","Always"
"F",29,0.26,"Often","Sometimes","Never"
"F",3,1.1,"Sometimes","Never","Never"
"F",42,1.53,"Often","Often","Sometimes"
"F",36,3.41,"Always","Sometimes","Always"
"F",23,2.06,"Never","Sometimes","Sometimes"
"A",72,1.69,"Sometimes","Often","Sometimes"
"F",34,0.53,"Sometimes","Never","Never"
"B",88,3.78,"Always","Never","Always"
"B",85,2.23,"Sometimes","Sometimes","Sometimes"
"F",68,1.88,"Often","Sometimes","Sometimes"
"F",35,1.87,"Never","Often","Never"
"F",1,2.36,"Often","Often","Sometimes"
"F",25,2.58,"Often","Sometimes","Sometimes"
"F",29,2.22,"Sometimes","Sometimes","Sometimes"
"F",24,0.24,"Sometimes","Sometimes","Never"
"F",45,3.93,"Always","Never","Always"
"A",87,2.28,"Often","Often","Sometimes"
"B",90,3.42,"Always","Sometimes","Always"
"A",95,0.22,"Often","Often","Sometimes"
"F",39,1.69,"Often","Never","Never"
"A",65,1.08,"Sometimes","Often","Sometimes"
"F",17,1.54,"Never","Often","Never"
"F",44,2.06,"Sometimes","Never","Sometimes"
"F",16,2.24,"Often","Never","Sometimes"
"B",86,2.59,"Never","Never","Sometimes"
"A",98,0.13,"Never","Never","Sometimes"
"F",71,0.03,"Often","Often","Sometimes"
"F",23,1.9,"Sometimes","Often","Never"
"B",88,1.93,"Never","Sometimes","Sometimes"
"B",51,1.11,"Sometimes","Often","Sometimes"
"B",89,0.4,"Often","Never","Sometimes"
"F",36,1.89,"Often","Often","Never"
"A",89,2.87,"Often","Often","Sometimes"
"B",87,0.57,"Sometimes","Never","Sometimes"
"F",26,0.69,"Sometimes","Often","Never"
"A",85,2.1,"Sometimes","Often","Sometimes"
"F",27,3.22,"Always","Never","Always"
"B",89,0.78,"Often","Sometimes","Sometimes"
"C",69,3.96,"Always","Never","Always"
"A",83,2.64,"Sometimes","Often","Sometimes"
"F",13,3.09,"Always","Never","Always"
"F",15,1.6,"Sometimes","Never","Never"
"F",43,1.44,"Never","Never","Sometimes"
"F",27,0.31,"Never","Sometimes","Never"
"B",49,2.71,"Sometimes","Often","Sometimes"
"F",13,1.94,"Often","Never","Never"
"A",76,1.99,"Often","Often","Sometimes"
"F",48,2.19,"Never","Never","Sometimes"
"A",98,2.5,"Sometimes","Sometimes","Sometimes"
"A",60,3.29,"Always","Never","Always"
"F",38,0.12,"Sometimes","Never","Never"
"F",10,2.89,"Often","Never","Sometimes"
"C",62,0.46,"Sometimes","Never","Sometimes"
"F",10,3.27,"Always","Sometimes","Always"
"A",97,0.17,"Never","Often","Sometimes"
"A",75,0.23,"Sometimes","Often","Sometimes"
"A",94,2.66,"Never","Often","Sometimes"
"B",81,2.74,"Never","Sometimes","Sometimes"
"F",29,1.96,"Never","Sometimes","Never"
"F",50,0.08,"Often","Sometimes","Sometimes"
"A",93,0.19,"Sometimes","Sometimes","Sometimes"
"F",26,0.05,"Often","Sometimes","Never"
"C",74,1.24,"Sometimes","Sometimes","Sometimes"
"F",10,2.56,"Often","Sometimes","Sometimes"
"F",60,2.29,"Often","Often","Sometimes"
"B",83,1.8,"Sometimes","Sometimes","Sometimes"
"F",17,3.34,"Always","Often","Always"
"A",92,0.59,"Often","Never","Sometimes"
"C",65,2.04,"Never","Never","Sometimes"
"F",8,0.9,"Often","Never","Never"
"F",53,3.16,"Always","Never","Always"
"F",44,0.19,"Never","Never","Sometimes"
"F",53,3.8,"Always","Never","Always"
"A",94,3.27,"Always","Sometimes","Always"
"F",6,3.46,"Always","Never","Always"
"A",80,3.83,"Always","Never","Always"
"F",11,2.6,"Sometimes","Often","Sometimes"
"F",35,1.02,"Often","Sometimes","Never"
"A",70,1.14,"Never","Often","Sometimes"
"A",91,4,"Always","Never","Always"
"A",83,3.44,"Always","Often","Always"
"F",10,3.17,"Always","Often","Always"
"F",45,2.22,"Often","Never","Sometimes"
"B",86,3.48,"Always","Sometimes","Always"
"A",88,2.41,"Often","Often","Sometimes"
"F",41,3.21,"Always","Sometimes","Always"
"F",6,0.58,"Never","Sometimes","Never"
"F",67,0.34,"Often","Often","Sometimes"
"F",66,1.05,"Often","Never","Sometimes"
"B",84,3.83,"Always","Never","Always"
"B",84,1.35,"Never","Sometimes","Sometimes"
"F",21,0.44,"Often","Often","Never"
"B",87,2.31,"Sometimes","Sometimes","Sometimes"
"A",77,2.57,"Sometimes","Often","Sometimes"
"F",20,1.1,"Sometimes","Never","Never"
"F",67,2.51,"Often","Often","Sometimes"
"A",95,2.45,"Often","Never","Sometimes"
"F",73,1.47,"Often","Sometimes","Sometimes"
"F",42,2.27,"Often","Often","Sometimes"
"F",25,0.08,"Never","Sometimes","Never"
"F",73,3.23,"Always","Never","Always"
"C",75,1.51,"Often","Never","Sometimes"
"F",37,3.44,"Always","Sometimes","Always"
"F",29,0.6,"Sometimes","Never","Never"
"F",53,2.52,"Sometimes","Never","Sometimes"
"B",49,3.04,"Always","Often","Always"
"F",68,1.02,"Often","Never","Sometimes"
"F",15,3.52,"Always","Never","Always"
"F",9,2.04,"Sometimes","Sometimes","Sometimes"
"C",78,2.82,"Sometimes","Sometimes","Sometimes"
"A",100,3.46,"Always","Sometimes","Always"
"B",84,2.27,"Never","Sometimes","Sometimes"
"F",13,3.32,"Always","Sometimes","Always"
"F",52,1.83,"Often","Often","Sometimes"
"F",6,0.28,"Sometimes","Sometimes","Never"
"A",63,1.61,"Never","Often","Sometimes"
"F",28,2.63,"Never","Never","Sometimes"
"F",69,3.7,"Always","Never","Always"
"A",86,2.76,"Never","Often","Sometimes"
"F",63,0.07,"Often","Often","Sometimes"
"F",40,1.77,"Often","Often","Sometimes"
"A",97,2.81,"Often","Sometimes","Sometimes"
"A",82,1.86,"Sometimes","Often","Sometimes"
"B",87,3.95,"Always","Never","Always"
"A",99,0.35,"Never","Never","Sometimes"
"F",47,1.15,"Sometimes","Sometimes","Sometimes"
"A",99,1.61,"Often","Sometimes","Sometimes"
"F",32,0.82,"Never","Never","Never"
"C",74,3.62,"Always","Never","Always"
"F",54,1.51,"Often","Sometimes","Sometimes"
"F",29,1.22,"Often","Never","Never"
"F",13,0.88,"Never","Sometimes","Never"
"C",77,3.43,"Always","Sometimes","Always"
"F",18,2.85,"Sometimes","Often","Sometimes"
"A",92,3.85,"Always","Never","Always"
"C",65,0.43,"Never","Sometimes","Sometimes"
"F",37,2.29,"Sometimes","Sometimes","Sometimes"
"F",28,1.94,"Often","Often","Never"
"F",25,1.5,"Often","Never","Never"
"B",42,3.19,"Always","Often","Always"
"B",82,1.4,"Often","Sometimes","Sometimes"
"A",81,1.48,"Sometimes","Often","Sometimes"
"A",94,3.75,"Always","Never","Always"
"A",78,2.57,"Sometimes","Often","Sometimes"
"F",30,2.16,"Sometimes","Often","Sometimes"
"F",10,2.76,"Often","Often","Sometimes"
"B",90,1.9,"Sometimes","Sometimes","Sometimes"
"F",57,1.59,"Never","Never","Sometimes"
"F",43,2.42,"Never","Sometimes","Sometimes"
"F",41,1.81,"Often","Never","Sometimes"
"C",67,2.44,"Sometimes","Sometimes","Sometimes"
"A",100,3.27,"Always","Sometimes","Always"
"A",99,2.75,"Often","Never","Sometimes"
"F",52,3.19,"Always","Never","Always"
"F",0,1.28,"Never","Sometimes","Never"
"F",14,0.65,"Sometimes","Never","Never"
"C",66,3.97,"Always","Never","Always"
"F",17,3.62,"Always","Never","Always"
"A",100,1.77,"Sometimes","Never","Sometimes"
"F",26,0.52,"Sometimes","Never","Never"
"F",25,3.14,"Always","Often","Always"
"C",71,0.45,"Never","Never","Sometimes"
"F",40,0.46,"Sometimes","Sometimes","Sometimes"
"C",64,3.91,"Always","Never","Always"
"B",82,0.16,"Sometimes","Never","Sometimes"
"F",36,2.29,"Never","Never","Sometimes"
"F",42,1.2,"Sometimes","Sometimes","Sometimes"
"F",19,1.56,"Sometimes","Never","Never"
"B",41,0.96,"Sometimes","Often","Sometimes"
"C",62,2.98,"Sometimes","Never","Sometimes"
"F",9,3.78,"Always","Never","Always"
"A",74,3.87,"Always","Never","Always"
"C",63,3.52,"Always","Never","Always"
"F",14,3.69,"Always","Never","Always"
"F",26,3.93,"Always","Never","Always"
"F",27,3.46,"Always","Never","Always"
"F",26,1.88,"Never","Never","Never"
"F",21,1.61,"Often","Sometimes","Never"
"F",57,2.73,"Never","Never","Sometimes"
"F",41,1.34,"Never","Never","Sometimes"
"F",5,1.64,"Often","Often","Never"
"F",27,2.52,"Sometimes","Never","Sometimes"
"F",9,2.49,"Sometimes","Sometimes","Sometimes"
"C",69,0.03,"Never","Never","Sometimes"
"B",57,3.94,"Always","Never","Always"
"A",78,0.35,"Often","Often","Sometimes"
"A",97,0.88,"Sometimes","Sometimes","Sometimes"
"F",58,3.74,"Always","Never","Always"
"C",69,2.73,"Never","Never","Sometimes"
"F",71,1.37,"Often","Never","Sometimes"
"F",59,3.6,"Always","Never","Always"
"F",72,3.08,"Always","Often","Always"
"F",35,0.04,"Never","Never","Never"
"A",87,2.4,"Never","Often","Sometimes"
"F",68,1.31,"Often","Never","Sometimes"
"F",30,0.95,"Often","Never","Never"
"B",85,1.75,"Sometimes","Never","Sometimes"
"F",1,0.97,"Often","Sometimes","Never"
"F",22,1.63,"Often","Never","Never"
"F",29,0.48,"Often","Never","Never"
"A",67,2.96,"Sometimes","Often","Sometimes"
"F",33,2.26,"Sometimes","Often","Sometimes"
"F",6,3.49,"Always","Sometimes","Always"
"A",100,3.28,"Always","Sometimes","Always"
"C",75,1.55,"Never","Never","Sometimes"
"F",26,1.28,"Sometimes","Sometimes","Never"
"F",49,1.11,"Never","Never","Sometimes"
"B",81,3.51,"Always","Never","Always"
"F",6,1.42,"Sometimes","Never","Never"
"F",10,3.19,"Always","Often","Always"
"F",34,0.48,"Often","Sometimes","Never"
"F",26,3.65,"Always","Never","Always"
"F",37,2.09,"Often","Never","Sometimes"
"F",46,2.17,"Sometimes","Sometimes","Sometimes"
"A",99,1.27,"Never","Never","Sometimes"
"F",40,1.16,"Sometimes","Never","Sometimes"
"A",100,0.88,"Often","Sometimes","Sometimes"
"A",97,3.73,"Always","Never","Always"
"F",40,1.57,"Often","Often","Sometimes"
"A",94,0.05,"Often","Often","Sometimes"
"F",18,3.27,"Always","Never","Always"
"F",49,0.91,"Sometimes","Sometimes","Sometimes"
"F",53,3.08,"Always","Never","Always"
"B",85,3.95,"Always","Never","Always"
"A",89,0.69,"Never","Often","Sometimes"
"F",23,0.6,"Never","Never","Never"
"F",49,2.63,"Sometimes","Never","Sometimes"
"F",45,2.9,"Sometimes","Sometimes","Sometimes"
"F",56,0.56,"Never","Never","Sometimes"
"B",89,3.58,"Always","Never","Always"
"F",45,2.14,"Sometimes","Never","Sometimes"
"F",23,1.33,"Never","Often","Never"
"F",39,3.12,"Always","Never","Always"
"F",0,0.82,"Often","Often","Never"
"F",18,3.15,"Always","Never","Always"
"F",9,1.43,"Never","Often","Never"
"F",19,3.41,"Always","Often","Always"
"A",68,3.35,"Always","Often","Always"
"F",64,1.76,"Often","Never","Sometimes"
"F",37,1.22,"Never","Sometimes","Never"
"F",9,2.05,"Sometimes","Never","Sometimes"
"F",58,3.39,"Always","Often","Always"
"F",50,0.5,"Never","Never","Sometimes"
"F",4,2.35,"Never","Sometimes","Sometimes"
"C",76,2.04,"Often","Never","Sometimes"
"F",21,2.35,"Sometimes","Sometimes","Sometimes"
"F",32,2.86,"Never","Never","Sometimes"
"A",91,1.75,"Never","Sometimes","Sometimes"
"F",18,2.01,"Often","Sometimes","Sometimes"
"F",59,1.37,"Often","Often","Sometimes"
"F",41,1.14,"Sometimes","Sometimes","Sometimes"
"F",44,3.44,"Always","Sometimes","Always"
"F",31,2.22,"Often","Sometimes","Sometimes"
"A",88,2.94,"Sometimes","Often","Sometimes"
"F",11,2.44,"Never","Sometimes","Sometimes"
"F",56,1.61,"Sometimes","Never","Sometimes"
"F",36,3.12,"Always","Often","Always"
"C",74,3.3,"Always","Never","Always"
"A",97,1.81,"Never","Never","Sometimes"
"A",100,2.04,"Never","Never","Sometimes"
"F",55,2.42,"Never","Sometimes","Sometimes"
"F",10,3.46,"Always","Often","Always"
"F",69,2.39,"Often","Often","Sometimes"
"A",78,2.19,"Often","Often","Sometimes"
"B",56,2.85,"Never","Often","Sometimes"
"F",47,2.04,"Often","Never","Sometimes"
"B",82,0.45,"Never","Sometimes","Sometimes"
"F",3,3.83,"Always","Never","Always"
"F",13,2.46,"Often","Often","Sometimes"
"F",23,2.91,"Sometimes","Never","Sometimes"
"C",73,3.86,"Always","Never","Always"
"C",63,1.24,"Never","Sometimes","Sometimes"
"B",88,2.57,"Often","Never","Sometimes"
"F",40,0.39,"Never","Sometimes","Sometimes"
"B",86,1.75,"Often","Never","Sometimes"
"F",38,3.27,"Always","Often","Always"
"B",89,1.15,"Often","Never","Sometimes"
"A",96,0.45,"Never","Sometimes","Sometimes"
"F",23,3.41,"Always","Often","Always"
"F",21,1.67,"Sometimes","Often","Never"
"F",6,2.71,"Never","Never","Sometimes"
"A",79,1.72,"Never","Often","Sometimes"
"F",18,3.07,"Always","Often","Always"
"F",54,0.41,"Often","Sometimes","Sometimes"
"F",0,1.78,"Sometimes","Sometimes","Never"
"F",54,1.55,"Often","Never","Sometimes"
"F",51,2.76,"Never","Sometimes","Sometimes"
"F",54,1.42,"Often","Sometimes","Sometimes"
"F",23,0.48,"Sometimes","Sometimes","Never"
"F",7,3.84,"Always","Never","Always"
"F",29,1.26,"Sometimes","Often","Never"
"F",9,1.38,"Never","Never","Never"
"F",4,1.66,"Sometimes","Never","Never"
"F",0,2.74,"Never","Never","Sometimes"
"F",43,1.97,"Never","Never","Sometimes"
"F",35,0.99,"Never","Sometimes","Never"
"F",15,2.35,"Sometimes","Often","Sometimes"
"A",74,0.25,"Sometimes","Often","Sometimes"
"F",0,0.31,"Often","Sometimes","Never"
"A",73,0.25,"Never","Often","Sometimes"
"A",96,0.31,"Never","Often","Sometimes"
"F",36,3.27,"Always","Often","Always"
"F",39,0.01,"Never","Sometimes","Never"
"F",6,2,"Never","Never","Sometimes"
"F",34,2.07,"Never","Sometimes","Sometimes"
"B",50,2.59,"Sometimes","Often","Sometimes"
"F",10,3.21,"Always","Often","Always"
"F",47,1.36,"Often","Sometimes","Sometimes"
"B",85,1.62,"Sometimes","Sometimes","Sometimes"
"F",41,0.73,"Often","Often","Sometimes"
"F",44,3.08,"Always","Never","Always"
"F",14,1.81,"Sometimes","Never","Never"
"F",46,2.66,"Sometimes","Sometimes","Sometimes"
"F",68,2.06,"Often","Sometimes","Sometimes"
"B",89,0.53,"Never","Sometimes","Sometimes"
"F",15,3.96,"Always","Never","Always"
"A",60,0.38,"Sometimes","Often","Sometimes"
"C",61,3.72,"Always","Never","Always"
"B",85,1.56,"Never","Never","Sometimes"
"F",62,2.07,"Often","Sometimes","Sometimes"
"C",66,1.32,"Sometimes","Sometimes","Sometimes"
"F",55,2.61,"Sometimes","Never","Sometimes"
"F",21,2.99,"Often","Never","Sometimes"
"F",18,2.62,"Never","Often","Sometimes"
"F",38,1.15,"Often","Often","Never"
"A",99,2.98,"Never","Often","Sometimes"
"F",5,3.67,"Always","Never","Always"
"B",83,0.16,"Often","Sometimes","Sometimes"
"F",15,0.46,"Often","Never","Never"
"F",47,2.93,"Sometimes","Never","Sometimes"
"B",46,1.97,"Never","Often","Sometimes"
"F",15,2.21,"Often","Sometimes","Sometimes"
"B",81,1.3,"Never","Never","Sometimes"
"B",88,1.79,"Often","Sometimes","Sometimes"
"A",99,3.98,"Always","Never","Always"
"C",76,1.77,"Often","Sometimes","Sometimes"
"F",1,3.5,"Always","Often","Always"
"F",50,2.3,"Sometimes","Never","Sometimes"
"F",15,1.73,"Never","Sometimes","Never"
"A",95,1.3,"Never","Often","Sometimes"
"F",58,0.88,"Sometimes","Sometimes","Sometimes"
"C",71,2.42,"Sometimes","Sometimes","Sometimes"
"F",9,1.63,"Never","Sometimes","Never"
"B",41,2.54,"Never","Often","Sometimes"
"B",86,1.16,"Often","Sometimes","Sometimes"
"F",6,2.44,"Never","Never","Sometimes"
"A",71,0.46,"Sometimes","Often","Sometimes"
"F",25,3.22,"Always","Never","Always"
"F",49,3.92,"Always","Never","Always"
"F",54,1.67,"Often","Often","Sometimes"
"B",44,1.05,"Never","Often","Sometimes"
"F",40,0.75,"Never","Never","Sometimes"
"F",42,2.95,"Often","Never","Sometimes"
"F",35,0.9,"Sometimes","Never","Never"
"F",24,3.81,"Always","Never","Always"
"F",26,2.1,"Sometimes","Sometimes","Sometimes"
"F",24,2.72,"Sometimes","Never","Sometimes"
"F",60,2.57,"Often","Sometimes","Sometimes"
"B",46,0.32,"Never","Often","Sometimes"
"B",86,3.82,"Always","Never","Always"
"B",82,0.95,"Often","Never","Sometimes"
"F",37,2.03,"Sometimes","Sometimes","Sometimes"
"F",19,2.39,"Sometimes","Often","Sometimes"
"A",97,2.87,"Never","Sometimes","Sometimes"
"B",87,3.19,"Always","Sometimes","Always"
"C",64,0.1,"Sometimes","Sometimes","Sometimes"
"C",62,0.41,"Never","Never","Sometimes"
"F",28,0.88,"Often","Never","Never"
"B",44,2.36,"Sometimes","Often","Sometimes"
"B",88,3.4,"Always","Sometimes","Always"
"F",17,1.36,"Often","Never","Never"
"F",47,1.66,"Often","Never","Sometimes"
"C",74,1.38,"Never","Sometimes","Sometimes"
"F",21,1.01,"Often","Sometimes","Never"
"B",82,0.52,"Never","Never","Sometimes"
"F",39,1.76,"Often","Often","Never"
"A",93,3.55,"Always","Never","Always"
"A",77,2.7,"Sometimes","Often","Sometimes"
"F",23,2.81,"Never","Often","Sometimes"
"F",39,1.09,"Never","Often","Never"
"A",91,3.17,"Always","Sometimes","Always"
"B",86,0.79,"Often","Never","Sometimes"
"F",10,2.97,"Often","Often","Sometimes"
"C",67,2.49,"Never","Sometimes","Sometimes"
"C",80,1.12,"Sometimes","Sometimes","Sometimes"
"F",5,3.17,"Always","Sometimes","Always"
"F",24,2.02,"Often","Never","Sometimes"
"C",61,3.49,"Always","Never","Always"
"C",75,0.61,"Often","Never","Sometimes"
"F",37,0.59,"Never","Sometimes","Never"
"F",38,2.49,"Never","Sometimes","Sometimes"
"C",72,0.26,"Never","Never","Sometimes"
"C",78,0.94,"Never","Sometimes","Sometimes"
"F",55,0.19,"Sometimes","Sometimes","Sometimes"
"A",91,3.7,"Always","Never","Always"
"F",38,0.05,"Never","Often","Never"
"C",80,3.28,"Always","Sometimes","Always"
"B",87,2.93,"Often","Sometimes","Sometimes"
"B",59,2.72,"Sometimes","Often","Sometimes"
"B",84,3.5,"Always","Sometimes","Always"
"A",76,2.19,"Often","Often","Sometimes"
"C",71,3.56,"Always","Never","Always"
"F",1,0.48,"Often","Often","Never"
"F",13,3.78,"Always","Never","Always"
"B",87,2.28,"Often","Never","Sometimes"
"F",6,3.91,"Always","Never","Always"
"F",9,3.28,"Always","Sometimes","Always"
"F",60,4,"Always","Never","Always"
"F",18,2.84,"Often","Often","Sometimes"
"F",5,0.33,"Sometimes","Never","Never"
"C",65,2.21,"Never","Never","Sometimes"
"F",8,3.33,"Always","Never","Always"
"F",1,3.45,"Always","Often","Always"
"F",40,1.37,"Often","Sometimes","Sometimes"
"F",31,2.92,"Never","Never","Sometimes"
"F",0,2.75,"Sometimes","Sometimes","Sometimes"
"F",0,1.3,"Sometimes","Sometimes","Never"
"A",91,3.12,"Always","Often","Always"
"F",22,0.87,"Often","Never","Never"
"C",61,3.69,"Always","Never","Always"
"F",27,2.1,"Sometimes","Never","Sometimes"
"F",33,1.55,"Sometimes","Sometimes","Never"
"A",95,0.81,"Sometimes","Never","Sometimes"
"F",13,2.59,"Never","Often","Sometimes"
"B",90,1.88,"Often","Never","Sometimes"
"F",8,0.65,"Often","Never","Never"
"A",91,0.93,"Sometimes","Often","Sometimes"
"F",38,3.03,"Always","Sometimes","Always"
"F",5,0.28,"Sometimes","Often","Never"
"F",35,3.35,"Always","Sometimes","Always"
"F",30,1.11,"Often","Often","Never"
"F",9,0.67,"Often","Sometimes","Never"
"F",1,0.37,"Sometimes","Sometimes","Never"
"F",45,1.44,"Often","Sometimes","Sometimes"
"A",75,1.92,"Never","Often","Sometimes"
"A",94,2.22,"Often","Often","Sometimes"
"A",86,0.14,"Sometimes","Often","Sometimes"
"F",10,2.72,"Never","Often","Sometimes"
"A",76,1.02,"Often","Often","Sometimes"
"F",17,0.24,"Sometimes","Never","Never"
"A",100,2.01,"Never","Never","Sometimes"
"F",11,0.47,"Often","Often","Never"
"F",74,0.33,"Often","Often","Sometimes"
"F",6,3.53,"Always","Never","Always"
"C",78,3.97,"Always","Never","Always"
"F",12,2.6,"Never","Often","Sometimes"
"F",13,1.75,"Never","Often","Never"
"F",26,0.61,"Never","Often","Never"
"B",89,3.94,"Always","Never","Always"
"F",44,1.23,"Often","Never","Sometimes"
"F",51,2.2,"Never","Sometimes","Sometimes"
"F",57,3.46,"Always","Never","Always"
"F",5,3.91,"Always","Never","Always"
"F",3,2.3,"Sometimes","Sometimes","Sometimes"
"F",58,1.83,"Often","Never","Sometimes"
"C",65,0.01,"Sometimes","Sometimes","Sometimes"
"A",96,0.3,"Often","Often","Sometimes"
"F",63,1.18,"Often","Sometimes","Sometimes"
"C",62,3.23,"Always","Sometimes","Always"
"C",80,3.77,"Always","Never","Always"
"C",74,2.85,"Sometimes","Never","Sometimes"
"F",27,1.2,"Never","Sometimes","Never"
"C",70,1.52,"Never","Never","Sometimes"
"A",86,0.53,"Sometimes","Often","Sometimes"
"A",81,0.44,"Never","Often","Sometimes"
"A",95,1.64,"Never","Often","Sometimes"
"F",16,3.66,"Always","Never","Always"
"F",60,2.03,"Often","Never","Sometimes"
"F",11,2.7,"Never","Often","Sometimes"
"F",37,1.76,"Never","Sometimes","Never"
"F",17,0.45,"Sometimes","Sometimes","Never"
"F",55,2.2,"Sometimes","Never","Sometimes"
"F",5,2.46,"Sometimes","Sometimes","Sometimes"
"A",69,0.08,"Sometimes","Often","Sometimes"
"C",64,0.81,"Never","Sometimes","Sometimes"
"F",51,0.82,"Often","Never","Sometimes"
"B",88,3.05,"Always","Sometimes","Always"
"B",57,1.49,"Never","Often","Sometimes"
"F",4,0.42,"Never","Sometimes","Never"
"F",9,1.28,"Often","Never","Never"
"B",57,2.06,"Sometimes","Often","Sometimes"
"F",13,3.03,"Always","Often","Always"
"F",17,2.62,"Sometimes","Sometimes","Sometimes"
"F",22,2.91,"Often","Often","Sometimes"
"A",76,3.85,"Always","Never","Always"
"A",100,1.66,"Never","Never","Sometimes"
"F",6,1.07,"Often","Often","Never"
"F",10,2.11,"Never","Often","Sometimes"
"B",81,2.72,"Sometimes","Never","Sometimes"
"F",21,2.99,"Never","Often","Sometimes"
"F",19,3.52,"Always","Never","Always"
"A",99,2.53,"Sometimes","Sometimes","Sometimes"
"F",29,1.78,"Often","Sometimes","Never"
"F",49,3.64,"Always","Never","Always"
"F",29,0.02,"Never","Often","Never"
"C",78,3.28,"Always","Never","Always"
"F",29,0.2,"Never","Often","Never"
"F",12,2,"Often","Never","Sometimes"
"F",53,3.37,"Always","Never","Always"
"B",81,0.41,"Sometimes","Sometimes","Sometimes"
"A",73,0.97,"Never","Often","Sometimes"
"C",78,0.84,"Sometimes","Never","Sometimes"
"A",83,1.41,"Never","Often","Sometimes"
"C",77,0.34,"Sometimes","Sometimes","Sometimes"
"C",69,0.46,"Sometimes","Never","Sometimes"
"F",23,2.32,"Often","Never","Sometimes"
"F",50,3.71,"Always","Never","Always"
"B",87,0.26,"Often","Never","Sometimes"
"F",41,1.54,"Never","Sometimes","Sometimes"
"C",68,0.48,"Never","Never","Sometimes"
"F",35,0.47,"Never","Sometimes","Never"
"F",30,3.94,"Always","Never","Always"
"F",18,2.92,"Never","Often","Sometimes"
"F",38,1.88,"Often","Never","Never"
"F",45,3.35,"Always","Never","Always"
"F",18,0.15,"Never","Often","Never"
"A",95,3.41,"Always","Often","Always"
"F",66,2.95,"Often","Sometimes","Sometimes"
"F",32,2.61,"Never","Sometimes","Sometimes"
"C",75,1.18,"Often","Sometimes","Sometimes"
"F",51,1.8,"Sometimes","Never","Sometimes"
"F",8,3.14,"Always","Sometimes","Always"
"B",87,0.61,"Often","Never","Sometimes"
"B",56,1.45,"Sometimes","Often","Sometimes"
"F",32,2.92,"Sometimes","Never","Sometimes"
"F",3,0.5,"Never","Often","Never"
"F",10,2.74,"Often","Sometimes","Sometimes"
"F",73,3.5,"Always","Sometimes","Always"
"F",38,3.03,"Always","Often","Always"
"F",38,2.16,"Never","Never","Sometimes"
"A",100,1.52,"Sometimes","Never","Sometimes"
"C",76,3.47,"Always","Never","Always"
"F",74,1.09,"Often","Never","Sometimes"
"B",41,0.31,"Sometimes","Often","Sometimes"
"F",11,0.45,"Never","Often","Never"
"F",47,2.47,"Sometimes","Never","Sometimes"
"F",9,1.16,"Sometimes","Sometimes","Never"
"A",99,2.75,"Sometimes","Sometimes","Sometimes"
"F",17,1.87,"Sometimes","Sometimes","Never"
"F",23,1.22,"Often","Often","Never"
"C",72,3.64,"Always","Never","Always"
"F",53,3.59,"Always","Never","Always"
"F",12,1.23,"Often","Never","Never"
"F",19,0.12,"Often","Sometimes","Never"
"F",26,1.09,"Sometimes","Sometimes","Never"
"F",27,3.15,"Always","Sometimes","Always"
"C",76,3.1,"Always","Sometimes","Always"
"B",51,1.57,"Sometimes","Often","Sometimes"
"A",93,3.64,"Always","Never","Always"
"F",53,0.71,"Sometimes","Sometimes","Sometimes"
"F",39,3.75,"Always","Never","Always"
"F",12,3.06,"Always","Sometimes","Always"
"F",4,1.15,"Never","Sometimes","Never"
"F",27,1.82,"Sometimes","Sometimes","Never"
"C",80,0.3,"Never","Never","Sometimes"
"F",37,2.6,"Never","Never","Sometimes"
"B",48,0.93,"Never","Often","Sometimes"
"B",46,1.83,"Never","Often","Sometimes"
"C",80,0.68,"Often","Never","Sometimes"
"F",54,0.87,"Never","Never","Sometimes"
"F",32,3.29,"Always","Never","Always"
"F",56,0.05,"Sometimes","Never","Sometimes"
"A",92,0.77,"Sometimes","Sometimes","Sometimes"
"F",49,2.59,"Never","Sometimes","Sometimes"
"F",36,3.71,"Always","Never","Always"
"F",42,1.28,"Often","Often","Sometimes"
"F",50,3.39,"Always","Often","Always"
"F",7,2.51,"Often","Never","Sometimes"
"B",44,0.11,"Never","Often","Sometimes"
"F",61,0.77,"Often","Often","Sometimes"
"F",2,3.88,"Always","Never","Always"
"F",54,2.11,"Sometimes","Never","Sometimes"
"A",100,0.1,"Never","Never","Sometimes"
"A",98,1.47,"Sometimes","Never","Sometimes"
"A",91,2.58,"Never","Never","Sometimes"
"A",88,3.8,"Always","Never","Always"
"A",96,1.85,"Often","Often","Sometimes"
"F",20,0.63,"Often","Often","Never"
"F",11,3.29,"Always","Never","Always"
"F",27,1.63,"Often","Sometimes","Never"
"C",78,1.18,"Often","Sometimes","Sometimes"
"F",16,1.74,"Sometimes","Never","Never"
"F",8,1.73,"Sometimes","Sometimes","Never"
"A",91,1.48,"Sometimes","Often","Sometimes"
"F",18,3.01,"Always","Never","Always"
"F",68,0.95,"Often","Sometimes","Sometimes"
"F",9,2.55,"Often","Sometimes","Sometimes"
"F",49,3.43,"Always","Never","Always"
"B",45,2.52,"Sometimes","Often","Sometimes"
"C",72,1.86,"Sometimes","Sometimes","Sometimes"
"F",10,0.08,"Often","Never","Never"
"F",46,0.16,"Often","Never","Sometimes"
"A",90,2.15,"Never","Often","Sometimes"
"F",1,3.5,"Always","Never","Always"
"F",18,0.86,"Often","Sometimes","Never"
"F",15,1.83,"Never","Sometimes","Never"
"A",65,1.2,"Sometimes","Often","Sometimes"
"C",65,0.16,"Sometimes","Never","Sometimes"
"F",69,1.66,"Often","Sometimes","Sometimes"
"F",26,1.07,"Often","Often","Never"
"F",70,0.09,"Often","Never","Sometimes"
"B",56,3.49,"Always","Often","Always"
"F",1,1.11,"Sometimes","Never","Never"
"F",71,2.75,"Often","Often","Sometimes"
"F",27,2.73,"Often","Sometimes","Sometimes"
"F",1,0.2,"Often","Never","Never"
"F",2,2.97,"Often","Often","Sometimes"
"C",70,3.13,"Always","Sometimes","Always"
"B",83,2.01,"Often","Sometimes","Sometimes"
"A",84,2.21,"Never","Often","Sometimes"
"F",18,2.62,"Never","Often","Sometimes"
"C",78,3.44,"Always","Sometimes","Always"
"F",66,2.2,"Often","Sometimes","Sometimes"
"B",90,1.35,"Never","Never","Sometimes"
"C",75,3.5,"Always","Sometimes","Always"
"F",26,2.71,"Never","Often","Sometimes"
"F",19,2.65,"Often","Often","Sometimes"
"F",30,2.9,"Sometimes","Sometimes","Sometimes"
"A",92,3.44,"Always","Often","Always"
"A",93,1.68,"Sometimes","Never","Sometimes"
"F",36,0.18,"Sometimes","Sometimes","Never"
"C",61,0.51,"Sometimes","Never","Sometimes"
"F",33,1.05,"Sometimes","Often","Never"
"A",68,0.69,"Sometimes","Often","Sometimes"
"F",25,3.22,"Always","Sometimes","Always"
"F",21,0.32,"Often","Often","Never"
"F",46,2.48,"Often","Often","Sometimes"
"A",99,2.81,"Sometimes","Never","Sometimes"
"F",67,1.06,"Often","Often","Sometimes"
"F",55,2.87,"Often","Never","Sometimes"
"F",40,1.6,"Often","Sometimes","Sometimes"
"F",28,2.8,"Sometimes","Often","Sometimes"
"F",39,1.01,"Never","Often","Never"
"F",53,1.2,"Never","Never","Sometimes"
"A",76,0.71,"Often","Often","Sometimes"
"B",88,2.39,"Often","Never","Sometimes"
"F",24,0.81,"Never","Often","Never"
"B",83,3.64,"Always","Never","Always"
"F",51,1.95,"Often","Never","Sometimes"
"F",56,2.12,"Never","Never","Sometimes"
"B",89,0.91,"Often","Never","Sometimes"
"A",72,3.06,"Always","Often","Always"
"F",41,2.99,"Often","Sometimes","Sometimes"
"A",97,2.4,"Never","Never","Sometimes"
"B",85,2.36,"Never","Never","Sometimes"
"F",53,0.87,"Never","Never","Sometimes"
"F",36,1.94,"Sometimes","Sometimes","Never"
"A",99,1.04,"Never","Never","Sometimes"
"F",50,1.1,"Never","Sometimes","Sometimes"
"A",81,3,"Never","Often","Sometimes"
"A",81,2.69,"Often","Often","Sometimes"
"B",89,2.73,"Sometimes","Sometimes","Sometimes"
"F",45,3.63,"Always","Never","Always"
"C",69,3.61,"Always","Never","Always"
"F",35,2.85,"Sometimes","Sometimes","Sometimes"
"C",63,3.42,"Always","Sometimes","Always"
"F",8,1.86,"Often","Never","Never"
"F",1,0.8,"Sometimes","Never","Never"
"A",70,0.83,"Never","Often","Sometimes"
"B",59,3.52,"Always","Never","Always"
"A",73,3.71,"Always","Never","Always"
"F",2,1.98,"Sometimes","Often","Never"
"A",96,3.8,"Always","Never","Always"
"F",34,2.7,"Sometimes","Sometimes","Sometimes"
"A",75,0.55,"Never","Often","Sometimes"
"F",38,1.24,"Never","Sometimes","Never"
"F",55,1.53,"Sometimes","Never","Sometimes"
"F",30,1.4,"Never","Never","Never"
"F",27,1.26,"Sometimes","Sometimes","Never"
"B",59,0.76,"Sometimes","Often","Sometimes"
"A",61,0.75,"Never","Often","Sometimes"
"C",74,0.24,"Never","Sometimes","Sometimes"
"F",11,3.28,"Always","Often","Always"
"F",29,3.73,"Always","Never","Always"
"F",22,3.73,"Always","Never","Always"
"F",69,0.35,"Often","Often","Sometimes"
"A",84,1.17,"Never","Often","Sometimes"
"A",95,3.73,"Always","Never","Always"
"F",20,1.92,"Never","Never","Never"
"F",45,0.09,"Sometimes","Never","Sometimes"
"F",28,0.05,"Often","Often","Never"
"B",81,3.97,"Always","Never","Always"
"F",8,3.08,"Always","Sometimes","Always"
"F",60,3.34,"Always","Often","Always"
"F",57,2.14,"Sometimes","Never","Sometimes"
"F",9,3.32,"Always","Often","Always"
"C",80,3.15,"Always","Never","Always"
"F",22,3.43,"Always","Often","Always"
"C",61,0.45,"Sometimes","Sometimes","Sometimes"
"F",5,3.44,"Always","Never","Always"
"F",49,0.43,"Often","Never","Sometimes"
"B",85,0.46,"Often","Never","Sometimes"
"C",75,2.92,"Often","Never","Sometimes"
"F",63,0.03,"Often","Never","Sometimes"
"F",31,3.26,"Always","Never","Always"
"F",61,2.05,"Often","Sometimes","Sometimes"
"F",9,3.49,"Always","Often","Always"
"F",48,1.33,"Sometimes","Sometimes","Sometimes"
"A",91,1.08,"Never","Sometimes","Sometimes"
"F",38,3.95,"Always","Never","Always"
"F",8,1.44,"Never","Never","Never"
"A",92,0.85,"Never","Sometimes","Sometimes"
"B",88,1.08,"Often","Sometimes","Sometimes"
"B",81,2.01,"Often","Sometimes","Sometimes"
"F",42,2.69,"Never","Sometimes","Sometimes"
"F",3,3.25,"Always","Often","Always"
"F",45,1.59,"Often","Often","Sometimes"
"B",90,1.54,"Often","Never","Sometimes"
"B",87,1.32,"Never","Sometimes","Sometimes"
"F",3,2.06,"Often","Often","Sometimes"
"F",49,3.86,"Always","Never","Always"
"C",64,0.9,"Sometimes","Never","Sometimes"
"C",69,2.31,"Never","Never","Sometimes"
"F",47,3.73,"Always","Never","Always"
"A",81,0.81,"Sometimes","Often","Sometimes"
"F",30,0.45,"Sometimes","Never","Never"
"F",6,2.4,"Never","Sometimes","Sometimes"
"F",49,2.47,"Often","Often","Sometimes"
"A",78,2.29,"Never","Often","Sometimes"
"C",77,2.58,"Sometimes","Never","Sometimes"
"F",42,1.81,"Never","Never","Sometimes"
"F",0,2.92,"Sometimes","Sometimes","Sometimes"
"F",6,3.76,"Always","Never","Always"
"C",68,0.27,"Sometimes","Sometimes","Sometimes"
"F",43,0,"Never","Sometimes","Sometimes"
"F",29,2.29,"Never","Never","Sometimes"
"F",40,1.76,"Never","Never","Sometimes"
"C",79,2.44,"Sometimes","Never","Sometimes"
"F",31,3.84,"Always","Never","Always"
"A",100,1.84,"Never","Sometimes","Sometimes"
"B",52,3.62,"Always","Never","Always"
"F",5,3.39,"Always","Sometimes","Always"
"F",56,2.76,"Often","Never","Sometimes"
"F",67,3.74,"Always","Never","Always"
"F",30,3.32,"Always","Often","Always"
"A",91,1.95,"Never","Often","Sometimes"
"F",0,0.72,"Never","Sometimes","Never"
"F",63,1.06,"Often","Often","Sometimes"
"F",70,1.77,"Often","Never","Sometimes"
"C",75,0.98,"Often","Sometimes","Sometimes"
"A",66,3.67,"Always","Never","Always"
"F",26,3.5,"Always","Never","Always"
"F",14,2.24,"Often","Never","Sometimes"
"A",95,2.85,"Sometimes","Never","Sometimes"
"F",42,3.97,"Always","Never","Always"
"B",86,0.44,"Often","Sometimes","Sometimes"
"A",95,3.4,"Always","Sometimes","Always"
"C",80,1.55,"Often","Never","Sometimes"
"F",8,0.36,"Often","Often","Never"
"A",80,2.63,"Never","Often","Sometimes"
"F",24,3.49,"Always","Sometimes","Always"
"F",8,2.7,"Often","Often","Sometimes"
"F",59,1.25,"Never","Never","Sometimes"
"F",24,0.96,"Sometimes","Never","Never"
"F",38,1.57,"Never","Never","Never"
"C",79,1.99,"Sometimes","Sometimes","Sometimes"
"F",35,1.13,"Often","Sometimes","Never"
"C",76,2.4,"Often","Sometimes","Sometimes"
"F",53,0.85,"Never","Never","Sometimes"
"F",48,0.23,"Sometimes","Sometimes","Sometimes"
"F",50,1.28,"Never","Never","Sometimes"
"F",36,0.17,"Sometimes","Sometimes","Never"
"F",54,2.05,"Sometimes","Never","Sometimes"
"F",22,1.26,"Never","Often","Never"
"F",17,3.41,"Always","Often","Always"
"B",90,0.01,"Never","Sometimes","Sometimes"
"F",39,0.91,"Often","Often","Never"
"F",11,1.89,"Never","Often","Never"
"C",72,0.64,"Sometimes","Sometimes","Sometimes"
"F",5,3.54,"Always","Never","Always"
"A",99,3.91,"Always","Never","Always"
"F",52,3.34,"Always","Never","Always"
"F",6,3.34,"Always","Never","Always"
"A",88,4,"Always","Never","Always"
"A",100,1.35,"Sometimes","Never","Sometimes"
"C",67,0.81,"Sometimes","Never","Sometimes"
"F",36,0.66,"Often","Sometimes","Never"
"F",65,0.04,"Often","Often","Sometimes"
"F",3,0.52,"Never","Often","Never"
"F",33,1.59,"Sometimes","Sometimes","Never"
"B",46,1.79,"Sometimes","Often","Sometimes"
"F",50,3.49,"Always","Never","Always"
"F",21,2.7,"Often","Sometimes","Sometimes"
"C",77,2.31,"Often","Never","Sometimes"
"F",12,1.27,"Never","Sometimes","Never"
"C",66,1.57,"Sometimes","Sometimes","Sometimes"
"B",53,3.13,"Always","Often","Always"
"F",10,0.08,"Sometimes","Never","Never"
"F",63,1.53,"Often","Never","Sometimes"
"A",98,0.14,"Often","Sometimes","Sometimes"
"F",31,1.77,"Never","Never","Never"
"F",35,3.08,"Always","Often","Always"
"A",96,2.55,"Sometimes","Never","Sometimes"
"F",40,2.02,"Often","Sometimes","Sometimes"
"F",53,1.88,"Sometimes","Never","Sometimes"
"F",22,1.74,"Never","Never","Never"
"F",27,0.82,"Sometimes","Never","Never"
"F",31,1.4,"Often","Often","Never"
"F",23,3.51,"Always","Never","Always"
"A",78,2.23,"Never","Often","Sometimes"
"C",62,3.79,"Always","Never","Always"
"A",93,3.5,"Always","Never","Always"
"F",10,1.42,"Often","Often","Never"
"B",53,3.8,"Always","Never","Always"
"F",59,2.89,"Never","Sometimes","Sometimes"
"F",18,2.12,"Sometimes","Never","Sometimes"
"F",17,3.64,"Always","Never","Always"
"F",53,1.34,"Often","Sometimes","Sometimes"
"F",57,1.18,"Often","Never","Sometimes"
"F",29,3.72,"Always","Never","Always"
"A",98,3.86,"Always","Never","Always"
"B",86,2.6,"Sometimes","Sometimes","Sometimes"
"F",5,2.43,"Sometimes","Never","Sometimes"
"F",54,1.53,"Never","Never","Sometimes"
"B",48,3.31,"Always","Often","Always"
"F",32,1.74,"Sometimes","Often","Never"
"F",42,2.59,"Often","Often","Sometimes"
"A",89,2.13,"Sometimes","Often","Sometimes"
"F",36,3.85,"Always","Never","Always"
"A",66,3.87,"Always","Never","Always"
"F",11,2.26,"Often","Often","Sometimes"
"C",78,1.28,"Often","Never","Sometimes"
"F",31,2.06,"Sometimes","Never","Sometimes"
"F",59,2.86,"Never","Sometimes","Sometimes"
"A",80,0.37,"Often","Often","Sometimes"
"F",32,1.93,"Never","Sometimes","Never"
"A",95,2.37,"Never","Never","Sometimes"
"A",66,2.8,"Never","Often","Sometimes"
"A",66,1.94,"Sometimes","Often","Sometimes"
"F",22,0.43,"Never","Often","Never"
"F",52,0.48,"Often","Often","Sometimes"
"F",45,0.38,"Often","Often","Sometimes"
"F",22,0.93,"Sometimes","Often","Never"
"F",36,2.07,"Often","Sometimes","Sometimes"
"F",51,0.01,"Often","Never","Sometimes"
"A",94,2.92,"Never","Sometimes","Sometimes"
"F",43,1.52,"Never","Sometimes","Sometimes"
"B",55,0.79,"Sometimes","Often","Sometimes"
"F",32,2.63,"Never","Often","Sometimes"
"F",24,1.4,"Never","Sometimes","Never"
"A",94,3.92,"Always","Never","Always"
"B",83,2.49,"Often","Never","Sometimes"
"F",34,2.86,"Never","Never","Sometimes"
"F",31,2.31,"Never","Sometimes","Sometimes"
"A",83,2.15,"Never","Often","Sometimes"
"A",95,3.21,"Always","Never","Always"
"F",48,2.02,"Never","Sometimes","Sometimes"
"C",65,2.48,"Never","Never","Sometimes"
"A",99,2.4,"Never","Sometimes","Sometimes"
"F",48,2.8,"Often","Often","Sometimes"
"C",79,0.41,"Sometimes","Sometimes","Sometimes"
"B",89,1.41,"Never","Sometimes","Sometimes"
"C",76,1.08,"Often","Sometimes","Sometimes"
"B",57,3.48,"Always","Often","Always"
"A",63,0.75,"Sometimes","Often","Sometimes"
"F",22,3.64,"Always","Never","Always"
"F",63,1.77,"Often","Never","Sometimes"
"B",52,0.12,"Never","Often","Sometimes"
"A",83,1.76,"Never","Often","Sometimes"
"F",7,2.52,"Never","Sometimes","Sometimes"
"F",63,0.72,"Often","Sometimes","Sometimes"
"A",78,0.35,"Never","Often","Sometimes"
"F",29,3.85,"Always","Never","Always"
"C",70,1.52,"Never","Never","Sometimes"
"F",57,3.44,"Always","Never","Always"
"F",35,0.23,"Never","Often","Never"
"C",74,3.65,"Always","Never","Always"
"F",10,3.34,"Always","Never","Always"
"A",73,0.61,"Sometimes","Often","Sometimes"
"A",64,0.75,"Sometimes","Often","Sometimes"
"A",100,1.39,"Never","Never","Sometimes"
"F",52,3.26,"Always","Sometimes","Always"
"A",92,3.49,"Always","Sometimes","Always"
"A",98,0.02,"Never","Sometimes","Sometimes"
"F",20,2.59,"Never","Sometimes","Sometimes"
"B",57,2.49,"Sometimes","Often","Sometimes"
"F",41,2.2,"Often","Often","Sometimes"
"F",20,1.47,"Sometimes","Often","Never"
"F",23,3.11,"Always","Sometimes","Always"
"F",23,2.39,"Sometimes","Sometimes","Sometimes"
"A",97,0.68,"Sometimes","Often","Sometimes"
"F",21,3.86,"Always","Never","Always"
"C",72,3.17,"Always","Sometimes","Always"
"A",87,2.04,"Sometimes","Often","Sometimes"
"F",26,3.88,"Always","Never","Always"
"F",39,2.3,"Often","Often","Sometimes"
"F",60,1.93,"Sometimes","Never","Sometimes"
"F",64,1.09,"Often","Sometimes","Sometimes"
"F",72,3.98,"Always","Never","Always"
"F",45,0.79,"Sometimes","Sometimes","Sometimes"
"F",69,3.5,"Always","Never","Always"
"F",18,3.99,"Always","Never","Always"
"A",92,3.57,"Always","Never","Always"
"F",26,1.02,"Sometimes","Never","Never"
"A",87,2.67,"Sometimes","Often","Sometimes"
"A",70,1.64,"Never","Often","Sometimes"
"F",26,3.54,"Always","Never","Always"
"A",96,2.72,"Sometimes","Sometimes","Sometimes"
"F",0,1.11,"Often","Sometimes","Never"
"F",24,3.24,"Always","Often","Always"
"F",32,3.28,"Always","Never","Always"
"F",43,2.14,"Often","Sometimes","Sometimes"
"F",28,2.66,"Never","Never","Sometimes"
"F",0,1.92,"Never","Sometimes","Never"
"C",76,1.43,"Sometimes","Never","Sometimes"
"A",93,3.92,"Always","Never","Always"
"A",92,3.61,"Always","Never","Always"
"F",10,0.33,"Sometimes","Often","Never"
"F",31,1.59,"Never","Sometimes","Never"
"C",80,2.13,"Sometimes","Never","Sometimes"
"C",76,3.75,"Always","Never","Always"
"F",18,3.64,"Always","Never","Always"
"F",38,3.09,"Always","Often","Always"
"F",9,2.61,"Sometimes","Sometimes","Sometimes"
"F",30,3.15,"Always","Never","Always"
"F",31,1.94,"Sometimes","Often","Never"
"F",13,3.54,"Always","Never","Always"
"A",93,0.7,"Often","Sometimes","Sometimes"
"F",63,2.5,"Often","Sometimes","Sometimes"
"A",98,3.79,"Always","Never","Always"
"F",54,1.14,"Never","Sometimes","Sometimes"
"C",76,0.94,"Sometimes","Sometimes","Sometimes"
"F",49,3.63,"Always","Never","Always"
"C",66,1.62,"Sometimes","Never","Sometimes"
"F",63,3.08,"Always","Sometimes","Always"
"C",70,3.64,"Always","Never","Always"
"C",79,2.35,"Never","Sometimes","Sometimes"
"F",29,0.63,"Never","Sometimes","Never"
"C",74,0.53,"Sometimes","Sometimes","Sometimes"
"F",49,1.81,"Never","Never","Sometimes"
"F",13,3.68,"Always","Never","Always"
"F",35,1.99,"Often","Sometimes","Never"
"B",41,0.56,"Sometimes","Often","Sometimes"
"A",85,3.43,"Always","Often","Always"
"F",27,0.13,"Sometimes","Never","Never"
"F",10,1.95,"Never","Sometimes","Never"
"F",37,3.05,"Always","Never","Always"
"B",87,1.63,"Never","Sometimes","Sometimes"
"C",78,3.25,"Always","Sometimes","Always"
"A",95,0.12,"Never","Often","Sometimes"
"C",73,3.24,"Always","Never","Always"
"B",51,2,"Sometimes","Often","Sometimes"
"C",77,2.49,"Often","Sometimes","Sometimes"
"F",46,1.03,"Never","Sometimes","Sometimes"
"F",38,3.06,"Always","Often","Always"
"F",70,3.97,"Always","Never","Always"
"F",3,1.54,"Never","Sometimes","Never"
"F",52,3.84,"Always","Never","Always"
"F",46,1,"Never","Sometimes","Sometimes"
"F",2,1.49,"Often","Often","Never"
"F",4,2.18,"Often","Sometimes","Sometimes"
"A",63,2.8,"Sometimes","Often","Sometimes"
"C",77,1.72,"Never","Sometimes","Sometimes"
"F",6,3.31,"Always","Often","Always"
"B",85,3.77,"Always","Never","Always"
"B",81,1.44,"Sometimes","Never","Sometimes"
"F",58,3.44,"Always","Never","Always"
"F",47,1.15,"Never","Sometimes","Sometimes"
"F",25,0.57,"Never","Never","Never"
"A",95,2.68,"Never","Never","Sometimes"
"B",88,2.27,"Often","Never","Sometimes"
"F",7,3.41,"Always","Often","Always"
"A",100,0.44,"Often","Sometimes","Sometimes"
"F",45,1.73,"Never","Sometimes","Sometimes"
"F",44,2.97,"Sometimes","Never","Sometimes"
"A",98,0.09,"Never","Never","Sometimes"
"F",25,1.93,"Often","Sometimes","Never"
"C",77,2.25,"Sometimes","Sometimes","Sometimes"
"A",96,0.06,"Never","Never","Sometimes"
"F",74,0.41,"Often","Often","Sometimes"
"A",96,0.83,"Never","Often","Sometimes"
"B",90,0.11,"Often","Sometimes","Sometimes"
"A",93,1.26,"Often","Often","Sometimes"
"B",90,1.81,"Often","Sometimes","Sometimes"
"F",43,1.12,"Sometimes","Never","Sometimes"
"F",19,3.8,"Always","Never","Always"
"F",38,2.55,"Sometimes","Never","Sometimes"
"C",63,3.9,"Always","Never","Always"
"F",27,2.26,"Never","Never","Sometimes"
"C",66,3.22,"Always","Sometimes","Always"
"B",60,1.78,"Sometimes","Sometimes","Sometimes"
"A",74,1.84,"Never","Often","Sometimes"
"C",76,1.01,"Never","Sometimes","Sometimes"
"F",1,3.1,"Always","Often","Always"
"A",63,0.74,"Sometimes","Often","Sometimes"
"F",21,3.93,"Always","Never","Always"
"C",77,0.45,"Never","Never","Sometimes"
"F",14,3.59,"Always","Never","Always"
"B",82,2.94,"Often","Sometimes","Sometimes"
"F",53,2.79,"Often","Sometimes","Sometimes"
"F",3,3.66,"Always","Never","Always"
"B",51,2.9,"Sometimes","Often","Sometimes"
"F",36,0.83,"Often","Never","Never"
"C",74,3.11,"Always","Never","Always"
"F",21,1.22,"Never","Often","Never"
"F",22,3.28,"Always","Never","Always"
"F",55,1.34,"Never","Sometimes","Sometimes"
"F",23,2.8,"Never","Never","Sometimes"
"A",99,1.42,"Sometimes","Sometimes","Sometimes"
"F",61,2.26,"Often","Never","Sometimes"
"F",17,2.29,"Often","Often","Sometimes"
"C",79,3.36,"Always","Never","Always"
"F",60,0.37,"Often","Often","Sometimes"
"F",4,0.48,"Often","Often","Never"
"F",5,3.38,"Always","Sometimes","Always"
"F",39,0.35,"Sometimes","Often","Never"
"F",48,1.71,"Often","Sometimes","Sometimes"
"F",7,3.37,"Always","Sometimes","Always"
"A",78,1.54,"Never","Often","Sometimes"
"F",1,0.42,"Often","Often","Never"
"F",25,0.82,"Sometimes","Sometimes","Never"
"F",70,2.49,"Often","Never","Sometimes"
"F",31,1.34,"Often","Often","Never"
