Sleep,ExerciseCal,OnComputer,WimpyTea,RoomTemp,Moon,LastSleep
Shallow,16,3,1Cup,55,Dark,Deep
Deep,735,7,ManyCups,73,Dark,Shallow
Shallow,2,7,1Cup,55,Dark,Deep
Deep,712,3,3Cups,70,Dark,Deep
Deep,203,6,3Cups,66,Dark,Shallow
Deep,222,9,1Cup,70,Half,Deep
Deep,197,8,3Cups,57,Half,Deep
Deep,827,6,1Cup,75,Dark,Shallow
Little,582,8,2Cups,74,Full,Deep
Deep,224,9,1Cup,75,Dark,Deep
Deep,832,4,1Cup,56,Half,Shallow
Deep,928,8,2Cups,63,Full,Shallow
Deep,371,9,ManyCups,67,Half,Deep
Deep,703,3,2Cups,72,Half,Deep
Deep,236,0,ManyCups,59,Dark,Deep
Deep,898,7,1Cup,66,Full,Shallow
Little,613,1,2Cups,70,Full,Deep
Deep,374,5,3Cups,57,Half,Shallow
Deep,651,0,1Cup,70,Half,Shallow
Deep,945,8,3Cups,69,Dark,Deep
Deep,660,3,3Cups,67,Full,Shallow
Deep,130,4,3Cups,59,Half,Shallow
Deep,830,0,ManyCups,62,Half,Shallow
Shallow,22,6,2Cups,73,Dark,Deep
Little,748,8,3Cups,70,Full,Deep
Shallow,86,4,1Cup,65,Dark,Shallow
Little,373,1,3Cups,75,Full,Deep
Deep,599,4,3Cups,69,Half,Deep
Shallow,679,8,2Cups,64,Full,Deep
Deep,895,0,2Cups,69,Half,Shallow
Deep,871,7,2Cups,64,Half,Shallow
Deep,129,7,2Cups,56,Full,Shallow
Deep,823,2,2Cups,58,Dark,Shallow
Little,993,0,ManyCups,64,Full,Deep
Deep,6,2,2Cups,57,Full,Shallow
Little,750,0,1Cup,74,Full,Deep
Deep,750,4,ManyCups,63,Half,Deep
Deep,952,5,3Cups,57,Full,Shallow
Deep,523,8,ManyCups,75,Half,Deep
Deep,940,4,1Cup,73,Half,Shallow
Deep,113,9,2Cups,70,Dark,Deep
Deep,895,10,1Cup,75,Dark,Deep
Deep,465,0,3Cups,57,Full,Shallow
Deep,682,10,ManyCups,66,Dark,Shallow
Deep,795,10,ManyCups,67,Half,Shallow
Deep,760,1,1Cup,68,Half,Shallow
Deep,622,5,1Cup,67,Half,Deep
Deep,613,6,3Cups,67,Dark,Shallow
Deep,577,3,3Cups,72,Half,Deep
Shallow,572,9,1Cup,61,Full,Shallow
Deep,608,10,3Cups,72,Half,Shallow
Shallow,62,0,3Cups,63,Half,Deep
Deep,760,5,1Cup,55,Dark,Shallow
Deep,638,9,2Cups,72,Dark,Deep
Deep,230,5,1Cup,65,Dark,Shallow
Little,138,1,2Cups,69,Full,Deep
Little,861,5,3Cups,56,Full,Deep
Shallow,63,2,3Cups,72,Half,Shallow
Deep,385,1,3Cups,64,Half,Deep
Deep,791,5,3Cups,74,Dark,Shallow
Little,473,9,2Cups,72,Full,Deep
Deep,255,0,3Cups,60,Half,Shallow
Deep,477,0,1Cup,56,Half,Shallow
Shallow,18,10,1Cup,56,Dark,Deep
Deep,233,10,3Cups,69,Dark,Deep
Deep,824,2,1Cup,65,Dark,Deep
Deep,679,10,2Cups,72,Dark,Shallow
Shallow,31,1,3Cups,71,Half,Shallow
Deep,319,5,1Cup,68,Half,Shallow
Deep,749,0,1Cup,61,Half,Shallow
Shallow,9,2,3Cups,67,Dark,Shallow
Shallow,46,4,3Cups,56,Dark,Deep
Deep,393,8,ManyCups,59,Dark,Deep
Little,327,1,1Cup,66,Full,Deep
Deep,791,2,1Cup,75,Full,Shallow
Deep,372,1,ManyCups,55,Dark,Deep
Little,541,0,1Cup,73,Full,Deep
Deep,219,5,1Cup,55,Half,Deep
Deep,638,4,1Cup,74,Dark,Deep
Shallow,215,1,1Cup,73,Half,Shallow
Deep,284,5,ManyCups,68,Dark,Deep
Deep,919,0,1Cup,58,Dark,Shallow
Deep,711,0,3Cups,71,Half,Deep
Deep,145,5,2Cups,57,Full,Shallow
Deep,897,1,1Cup,60,Half,Shallow
Little,124,0,3Cups,71,Full,Deep
Deep,615,1,2Cups,60,Full,Shallow
Shallow,255,6,1Cup,68,Half,Deep
Deep,422,1,2Cups,75,Half,Deep
Deep,464,10,1Cup,59,Dark,Deep
Deep,616,5,3Cups,66,Half,Shallow
Deep,639,7,1Cup,73,Dark,Shallow
Deep,162,10,ManyCups,71,Dark,Deep
Deep,997,9,1Cup,59,Half,Deep
Deep,530,1,ManyCups,59,Half,Shallow
Deep,839,0,2Cups,58,Half,Deep
Deep,500,9,3Cups,72,Dark,Shallow
Little,948,2,2Cups,68,Full,Deep
Deep,242,2,2Cups,67,Dark,Deep
Little,811,7,ManyCups,60,Full,Deep
Deep,436,0,ManyCups,73,Half,Shallow
Deep,131,2,3Cups,75,Dark,Shallow
Deep,660,0,1Cup,55,Full,Shallow
Little,68,10,3Cups,63,Full,Deep
Deep,792,3,3Cups,66,Full,Shallow
Deep,335,4,2Cups,57,Dark,Shallow
Shallow,532,6,3Cups,69,Full,Deep
Deep,782,8,3Cups,64,Dark,Deep
Deep,298,8,1Cup,73,Full,Shallow
Deep,958,4,1Cup,57,Dark,Deep
Deep,353,9,2Cups,71,Half,Shallow
Deep,321,3,ManyCups,62,Dark,Shallow
Deep,178,0,1Cup,74,Dark,Shallow
Little,748,9,2Cups,66,Full,Deep
Little,42,7,3Cups,64,Half,Shallow
Little,972,1,3Cups,66,Full,Deep
Little,513,6,1Cup,66,Full,Deep
Deep,991,8,2Cups,58,Full,Shallow
Deep,713,1,ManyCups,55,Full,Shallow
Little,57,7,3Cups,57,Half,Shallow
Deep,677,1,ManyCups,73,Half,Shallow
Deep,328,0,3Cups,57,Dark,Deep
Little,91,5,2Cups,75,Full,Deep
Deep,772,0,1Cup,58,Half,Deep
Deep,379,8,ManyCups,75,Full,Shallow
Little,803,2,1Cup,68,Full,Deep
Little,874,5,1Cup,67,Full,Deep
Little,153,6,2Cups,71,Full,Deep
Deep,135,7,ManyCups,66,Half,Shallow
Little,278,6,2Cups,56,Full,Deep
Little,274,1,ManyCups,74,Full,Deep
Deep,224,10,1Cup,74,Dark,Shallow
Deep,203,2,ManyCups,57,Half,Deep
Deep,506,10,3Cups,58,Half,Shallow
Little,833,0,1Cup,71,Full,Deep
Deep,323,8,2Cups,67,Dark,Deep
Little,826,7,ManyCups,62,Half,Deep
Deep,285,3,ManyCups,59,Full,Shallow
Deep,923,4,1Cup,57,Full,Shallow
Deep,615,8,2Cups,68,Half,Shallow
Deep,972,4,ManyCups,61,Dark,Deep
Deep,751,7,3Cups,67,Half,Deep
Deep,303,2,3Cups,61,Half,Deep
Deep,136,1,1Cup,74,Half,Deep
Deep,892,1,3Cups,63,Half,Deep
Little,628,3,ManyCups,59,Full,Deep
Deep,678,8,3Cups,73,Dark,Deep
Deep,825,5,2Cups,72,Half,Deep
Little,853,1,ManyCups,70,Full,Deep
Deep,372,3,1Cup,62,Half,Shallow
Shallow,93,2,1Cup,61,Half,Shallow
Deep,101,5,1Cup,66,Half,Shallow
Deep,996,0,1Cup,56,Dark,Deep
Deep,883,10,1Cup,75,Half,Deep
Little,101,7,2Cups,68,Full,Shallow
Deep,646,3,2Cups,71,Half,Shallow
Little,438,0,3Cups,64,Half,Shallow
Deep,241,7,1Cup,69,Dark,Shallow
Deep,433,9,ManyCups,68,Half,Deep
Deep,255,3,ManyCups,59,Dark,Deep
Deep,264,7,2Cups,65,Dark,Deep
Deep,225,5,1Cup,71,Half,Shallow
Deep,624,8,2Cups,65,Half,Shallow
Deep,861,6,2Cups,66,Dark,Shallow
Deep,38,6,ManyCups,66,Half,Shallow
Little,922,10,ManyCups,72,Full,Deep
Deep,608,7,ManyCups,70,Dark,Shallow
Deep,934,7,2Cups,61,Half,Deep
Deep,587,2,2Cups,57,Half,Deep
Little,468,7,3Cups,74,Full,Deep
Deep,376,10,2Cups,59,Half,Shallow
Deep,354,8,2Cups,62,Dark,Deep
Deep,879,9,1Cup,55,Half,Shallow
Deep,344,9,2Cups,59,Dark,Shallow
Deep,955,9,3Cups,62,Full,Shallow
Deep,602,5,2Cups,58,Dark,Shallow
Deep,332,8,ManyCups,70,Half,Shallow
Shallow,484,4,1Cup,60,Half,Deep
Deep,381,0,1Cup,65,Half,Shallow
Deep,772,1,1Cup,62,Half,Shallow
Deep,628,7,ManyCups,70,Full,Shallow
Deep,388,0,2Cups,62,Half,Deep
Deep,973,2,3Cups,59,Dark,Deep
Deep,41,0,2Cups,59,Full,Shallow
Little,607,10,ManyCups,57,Full,Deep
Deep,272,8,3Cups,70,Dark,Deep
Deep,332,5,2Cups,68,Half,Shallow
Deep,204,9,2Cups,64,Full,Shallow
Deep,376,2,2Cups,74,Full,Shallow
Deep,364,5,3Cups,74,Dark,Deep
Deep,206,10,3Cups,70,Full,Shallow
Deep,250,9,3Cups,60,Dark,Deep
Deep,940,8,ManyCups,73,Half,Deep
Little,366,4,1Cup,74,Full,Deep
Little,885,8,3Cups,56,Full,Deep
Little,262,7,ManyCups,73,Full,Deep
Deep,190,5,3Cups,55,Dark,Deep
Deep,778,0,1Cup,58,Dark,Shallow
Little,601,4,1Cup,72,Full,Deep
Deep,677,4,ManyCups,65,Half,Shallow
Shallow,11,6,1Cup,72,Dark,Deep
Deep,762,4,ManyCups,62,Half,Deep
Deep,272,10,ManyCups,59,Half,Shallow
Deep,941,8,1Cup,68,Dark,Shallow
Deep,355,3,2Cups,60,Full,Shallow
Little,427,6,3Cups,72,Dark,Deep
Little,509,0,3Cups,57,Full,Deep
Deep,704,0,2Cups,65,Half,Shallow
Deep,470,9,1Cup,59,Half,Shallow
Deep,874,6,3Cups,63,Dark,Shallow
Deep,315,3,3Cups,59,Dark,Shallow
Little,351,6,ManyCups,61,Full,Deep
Little,268,10,ManyCups,56,Full,Deep
Little,606,3,1Cup,64,Dark,Shallow
Deep,827,9,2Cups,62,Dark,Deep
Little,520,5,2Cups,67,Full,Deep
Deep,563,8,2Cups,75,Full,Shallow
Little,647,10,ManyCups,56,Dark,Shallow
Deep,713,4,1Cup,65,Dark,Shallow
Little,747,8,1Cup,62,Full,Deep
Deep,353,9,ManyCups,71,Half,Shallow
Deep,582,9,2Cups,64,Dark,Deep
Deep,557,7,2Cups,68,Full,Shallow
Deep,663,1,1Cup,63,Dark,Deep
Deep,370,8,2Cups,56,Half,Deep
Deep,400,9,ManyCups,59,Half,Shallow
Deep,166,8,3Cups,64,Dark,Deep
Deep,965,10,ManyCups,55,Dark,Shallow
Deep,113,0,ManyCups,69,Dark,Shallow
Shallow,246,1,ManyCups,55,Dark,Deep
Deep,175,3,3Cups,68,Dark,Deep
Deep,552,10,1Cup,75,Dark,Shallow
Deep,355,4,2Cups,72,Full,Shallow
Deep,705,4,3Cups,64,Full,Shallow
Deep,79,2,2Cups,64,Full,Shallow
Deep,651,2,ManyCups,58,Dark,Shallow
Deep,845,9,3Cups,72,Dark,Shallow
Deep,532,3,3Cups,64,Half,Shallow
Shallow,647,4,ManyCups,56,Dark,Deep
Deep,395,9,2Cups,71,Dark,Shallow
Deep,137,7,3Cups,63,Dark,Shallow
Shallow,66,1,1Cup,59,Dark,Shallow
Deep,714,10,1Cup,65,Half,Shallow
Deep,416,6,2Cups,71,Dark,Shallow
Deep,828,7,1Cup,64,Dark,Deep
Deep,532,9,2Cups,57,Half,Deep
Deep,760,1,1Cup,61,Dark,Deep
Shallow,84,8,1Cup,60,Dark,Deep
Deep,735,2,3Cups,72,Dark,Deep
Little,481,8,1Cup,72,Full,Deep
Deep,157,5,3Cups,56,Half,Shallow
Deep,562,2,3Cups,63,Half,Deep
Deep,933,3,1Cup,70,Dark,Deep
Shallow,49,1,ManyCups,74,Half,Deep
Deep,349,7,2Cups,68,Dark,Shallow
Shallow,57,1,1Cup,57,Dark,Shallow
Deep,284,4,1Cup,60,Full,Shallow
Deep,734,6,3Cups,72,Dark,Shallow
Deep,988,10,3Cups,64,Half,Shallow
Little,444,5,1Cup,72,Full,Deep
Deep,677,2,1Cup,59,Full,Shallow
Deep,177,6,3Cups,67,Full,Shallow
Deep,837,9,2Cups,73,Half,Deep
Little,694,6,1Cup,61,Full,Deep
Deep,48,4,1Cup,67,Full,Shallow
Little,594,8,3Cups,58,Full,Deep
Deep,606,10,2Cups,56,Dark,Shallow
Little,784,5,1Cup,70,Full,Deep
Deep,244,2,3Cups,62,Dark,Shallow
Little,965,2,ManyCups,71,Full,Deep
Deep,647,0,ManyCups,71,Full,Shallow
Deep,904,3,2Cups,68,Half,Deep
Deep,479,0,2Cups,63,Dark,Shallow
Deep,691,7,3Cups,70,Half,Deep
Deep,981,2,ManyCups,73,Half,Deep
Little,291,8,1Cup,71,Full,Deep
Deep,401,6,3Cups,63,Full,Shallow
Deep,530,9,ManyCups,73,Half,Shallow
Deep,233,2,1Cup,71,Half,Shallow
Deep,774,4,1Cup,67,Half,Shallow
Little,114,8,3Cups,72,Full,Deep
Deep,747,6,1Cup,73,Half,Deep
Deep,331,2,1Cup,65,Dark,Deep
Deep,941,9,ManyCups,70,Dark,Shallow
Deep,935,5,ManyCups,57,Dark,Shallow
Little,519,7,1Cup,60,Dark,Deep
Deep,920,0,ManyCups,72,Half,Shallow
Deep,90,8,1Cup,67,Dark,Shallow
Deep,329,1,1Cup,73,Full,Shallow
Deep,591,10,3Cups,67,Half,Shallow
Little,352,4,1Cup,63,Full,Deep
Deep,838,10,2Cups,55,Full,Shallow
Deep,977,7,2Cups,71,Dark,Shallow
Deep,498,5,2Cups,69,Half,Deep
Deep,677,5,3Cups,67,Full,Shallow
Little,427,10,3Cups,67,Full,Deep
Shallow,83,3,1Cup,70,Half,Shallow
Deep,738,7,2Cups,69,Half,Shallow
Little,926,6,2Cups,56,Full,Deep
Deep,921,9,ManyCups,62,Half,Deep
Deep,361,8,ManyCups,60,Dark,Shallow
Deep,529,6,1Cup,57,Half,Deep
Deep,883,2,1Cup,60,Dark,Deep
Deep,868,5,2Cups,72,Half,Deep
Little,966,6,2Cups,61,Full,Deep
Deep,607,10,ManyCups,65,Half,Shallow
Deep,737,7,1Cup,63,Full,Shallow
Deep,24,8,1Cup,67,Dark,Shallow
Deep,341,3,2Cups,73,Dark,Deep
Deep,736,3,ManyCups,64,Dark,Shallow
Deep,540,3,3Cups,65,Dark,Deep
Shallow,436,10,1Cup,69,Full,Deep
Deep,427,8,ManyCups,59,Dark,Deep
Deep,604,0,ManyCups,68,Dark,Shallow
Deep,600,4,1Cup,69,Half,Shallow
Little,112,4,1Cup,65,Full,Deep
Little,316,8,1Cup,70,Full,Deep
Deep,317,0,3Cups,65,Dark,Deep
Deep,560,9,1Cup,67,Dark,Deep
Deep,203,6,3Cups,74,Half,Deep
Deep,172,10,1Cup,59,Full,Shallow
Deep,743,1,3Cups,74,Full,Shallow
Little,486,7,3Cups,57,Full,Deep
Deep,400,5,1Cup,68,Dark,Deep
Deep,846,6,ManyCups,74,Dark,Deep
Deep,130,9,3Cups,75,Half,Shallow
Deep,260,0,2Cups,55,Half,Shallow
Deep,209,6,ManyCups,74,Full,Shallow
Deep,434,4,1Cup,67,Dark,Deep
Deep,503,7,3Cups,58,Dark,Shallow
Deep,151,4,1Cup,74,Half,Shallow
Deep,154,4,2Cups,61,Half,Shallow
Deep,7,6,2Cups,74,Dark,Shallow
Deep,319,1,2Cups,69,Full,Shallow
Little,213,4,1Cup,67,Full,Deep
Deep,925,9,ManyCups,58,Dark,Deep
Deep,74,10,3Cups,61,Full,Deep
Deep,384,3,2Cups,72,Dark,Deep
Deep,559,0,3Cups,60,Half,Shallow
Little,867,8,2Cups,55,Full,Deep
Deep,570,3,1Cup,74,Half,Shallow
Deep,546,1,2Cups,75,Dark,Deep
Little,865,6,1Cup,63,Full,Deep
Deep,502,3,3Cups,60,Half,Shallow
Deep,187,6,1Cup,60,Dark,Deep
Deep,788,8,2Cups,74,Full,Shallow
Deep,306,2,2Cups,58,Half,Deep
Deep,699,6,ManyCups,60,Dark,Deep
Deep,155,8,2Cups,72,Dark,Shallow
Deep,675,7,1Cup,66,Dark,Shallow
Deep,121,10,1Cup,66,Half,Shallow
Deep,972,1,1Cup,58,Full,Shallow
Deep,456,7,1Cup,75,Full,Shallow
Deep,307,0,2Cups,70,Dark,Deep
Shallow,96,1,ManyCups,64,Dark,Shallow
Deep,766,0,1Cup,55,Dark,Deep
Little,129,4,ManyCups,55,Full,Deep
Deep,349,1,2Cups,56,Dark,Shallow
Shallow,253,7,2Cups,68,Dark,Deep
Deep,561,3,ManyCups,61,Dark,Deep
Deep,977,1,ManyCups,64,Full,Deep
Deep,258,5,1Cup,62,Full,Shallow
Deep,839,10,1Cup,64,Dark,Shallow
Deep,321,6,ManyCups,68,Full,Shallow
Deep,369,5,2Cups,64,Half,Shallow
Little,592,8,ManyCups,59,Full,Deep
Deep,954,8,ManyCups,59,Dark,Shallow
Shallow,69,5,ManyCups,59,Dark,Deep
Deep,253,3,3Cups,68,Half,Deep
Deep,620,5,3Cups,59,Dark,Shallow
Shallow,892,4,ManyCups,56,Half,Shallow
Deep,726,9,ManyCups,63,Dark,Deep
Little,801,6,3Cups,61,Full,Deep
Deep,959,0,2Cups,73,Dark,Shallow
Deep,660,2,1Cup,56,Half,Shallow
Deep,904,0,2Cups,67,Dark,Shallow
Little,667,3,ManyCups,64,Full,Deep
Little,972,10,2Cups,75,Full,Deep
Deep,558,2,1Cup,74,Half,Shallow
Little,308,7,3Cups,65,Full,Deep
Deep,302,0,ManyCups,71,Full,Shallow
Little,786,5,1Cup,56,Full,Deep
Deep,321,2,1Cup,67,Dark,Shallow
Deep,895,5,ManyCups,70,Full,Shallow
Deep,686,3,1Cup,71,Half,Shallow
Deep,808,4,2Cups,56,Dark,Deep
Deep,985,8,1Cup,73,Dark,Deep
Deep,139,6,ManyCups,57,Dark,Deep
Deep,256,1,2Cups,75,Dark,Shallow
Deep,996,10,1Cup,57,Half,Deep
Deep,728,0,ManyCups,72,Dark,Shallow
Deep,111,6,1Cup,63,Half,Shallow
Deep,93,8,2Cups,64,Dark,Shallow
Deep,682,3,2Cups,64,Half,Shallow
Deep,522,5,1Cup,63,Half,Shallow
Deep,325,8,ManyCups,63,Full,Shallow
Deep,404,6,3Cups,73,Half,Deep
Deep,437,0,2Cups,67,Full,Shallow
Shallow,84,0,2Cups,68,Half,Deep
Deep,223,0,ManyCups,55,Dark,Deep
Little,233,1,ManyCups,67,Full,Deep
Deep,357,10,1Cup,75,Full,Shallow
Deep,169,3,3Cups,60,Full,Shallow
Deep,933,8,ManyCups,59,Dark,Shallow
Deep,359,6,ManyCups,58,Full,Shallow
Deep,333,8,ManyCups,64,Dark,Shallow
Deep,802,6,2Cups,75,Full,Shallow
Deep,290,1,ManyCups,63,Half,Deep
Deep,286,1,1Cup,65,Half,Deep
Deep,613,7,3Cups,75,Full,Shallow
Little,826,4,2Cups,58,Full,Deep
Deep,165,0,ManyCups,59,Half,Deep
Little,445,0,1Cup,55,Full,Shallow
Deep,410,2,3Cups,72,Half,Shallow
Deep,143,2,3Cups,74,Half,Shallow
Deep,398,8,1Cup,63,Dark,Shallow
Little,381,1,3Cups,70,Full,Deep
Little,976,9,2Cups,56,Full,Deep
Deep,544,1,2Cups,63,Full,Shallow
Deep,659,10,2Cups,68,Full,Shallow
Deep,743,4,ManyCups,72,Dark,Shallow
Deep,637,9,1Cup,75,Half,Deep
Shallow,284,6,1Cup,61,Dark,Deep
Deep,592,8,1Cup,75,Half,Shallow
Little,629,9,ManyCups,60,Full,Deep
Deep,946,5,ManyCups,64,Dark,Deep
Deep,130,3,3Cups,68,Half,Shallow
Deep,781,10,3Cups,69,Half,Shallow
Deep,636,7,ManyCups,55,Full,Shallow
Deep,954,5,3Cups,62,Dark,Shallow
Deep,221,4,3Cups,64,Full,Shallow
Deep,792,1,2Cups,74,Dark,Deep
Shallow,32,4,2Cups,56,Full,Deep
Deep,325,6,ManyCups,62,Dark,Shallow
Little,544,9,1Cup,65,Half,Deep
Little,932,2,2Cups,67,Full,Deep
Deep,441,8,3Cups,62,Dark,Deep
Deep,969,0,3Cups,55,Dark,Shallow
Little,516,0,3Cups,72,Full,Deep
Deep,199,9,ManyCups,59,Dark,Deep
Deep,817,7,2Cups,62,Dark,Shallow
Deep,589,9,1Cup,61,Dark,Shallow
Deep,233,0,ManyCups,60,Dark,Deep
Little,447,8,3Cups,59,Full,Shallow
Deep,178,5,1Cup,69,Dark,Shallow
Deep,437,6,1Cup,61,Half,Deep
Deep,417,8,3Cups,71,Full,Shallow
Deep,926,6,2Cups,60,Half,Deep
Shallow,61,10,2Cups,58,Half,Deep
Deep,221,9,2Cups,61,Half,Deep
Deep,571,1,1Cup,67,Dark,Deep
Deep,277,3,ManyCups,57,Half,Deep
Deep,317,6,2Cups,57,Full,Shallow
Deep,662,10,3Cups,57,Dark,Deep
Shallow,61,3,ManyCups,55,Half,Deep
Deep,413,8,2Cups,56,Half,Deep
Deep,701,1,3Cups,75,Dark,Shallow
Deep,277,10,1Cup,66,Half,Shallow
Deep,472,1,3Cups,57,Half,Shallow
Deep,432,7,3Cups,55,Half,Shallow
Deep,865,2,2Cups,67,Dark,Deep
Shallow,14,2,1Cup,60,Dark,Shallow
Deep,772,5,1Cup,65,Dark,Deep
Deep,724,10,3Cups,69,Half,Deep
Deep,289,10,ManyCups,57,Full,Shallow
Deep,739,6,ManyCups,65,Dark,Deep
Deep,865,2,1Cup,60,Full,Shallow
Shallow,41,2,1Cup,71,Dark,Deep
Shallow,51,4,2Cups,63,Half,Deep
Little,591,1,3Cups,68,Full,Deep
Little,5,4,1Cup,67,Full,Deep
Shallow,634,10,2Cups,74,Dark,Deep
Deep,776,5,3Cups,56,Dark,Shallow
Deep,113,1,1Cup,73,Dark,Shallow
Deep,714,7,1Cup,55,Dark,Shallow
Little,362,2,3Cups,60,Full,Deep
Deep,227,9,3Cups,61,Half,Shallow
Deep,808,1,ManyCups,58,Half,Deep
Deep,523,0,2Cups,58,Half,Deep
Deep,760,6,3Cups,58,Full,Shallow
Deep,126,3,3Cups,67,Dark,Shallow
Deep,504,10,1Cup,67,Half,Deep
Deep,768,8,ManyCups,65,Dark,Deep
Deep,906,8,1Cup,71,Dark,Shallow
Deep,385,4,1Cup,57,Dark,Shallow
Deep,616,10,ManyCups,56,Dark,Shallow
Deep,986,4,3Cups,72,Half,Deep
Deep,773,10,ManyCups,63,Half,Deep
Deep,679,5,ManyCups,57,Half,Deep
Deep,684,1,2Cups,63,Dark,Deep
Deep,761,9,2Cups,61,Half,Shallow
Deep,674,1,ManyCups,64,Dark,Shallow
Deep,635,7,ManyCups,56,Full,Shallow
Deep,659,7,3Cups,55,Full,Shallow
Deep,325,8,1Cup,62,Full,Shallow
Deep,639,10,ManyCups,69,Dark,Deep
Deep,991,7,1Cup,74,Full,Shallow
Deep,538,1,1Cup,66,Dark,Shallow
Deep,917,6,1Cup,60,Dark,Shallow
Deep,665,0,1Cup,69,Half,Shallow
Deep,162,5,1Cup,58,Full,Shallow
Deep,233,0,2Cups,56,Half,Deep
Deep,370,8,2Cups,64,Dark,Deep
Deep,147,4,2Cups,57,Half,Shallow
Shallow,70,4,1Cup,61,Half,Shallow
Deep,348,0,1Cup,56,Dark,Shallow
Deep,103,1,2Cups,70,Half,Deep
Deep,545,8,1Cup,71,Half,Shallow
Deep,977,3,3Cups,70,Full,Shallow
Deep,782,1,2Cups,64,Dark,Deep
Deep,765,10,3Cups,61,Dark,Shallow
Deep,216,10,3Cups,64,Half,Shallow
Deep,677,1,3Cups,55,Half,Deep
Deep,622,1,1Cup,60,Full,Shallow
Deep,2,10,2Cups,59,Dark,Shallow
Deep,450,0,3Cups,71,Dark,Deep
Deep,582,9,ManyCups,60,Dark,Deep
Deep,448,6,1Cup,55,Dark,Deep
Deep,197,6,ManyCups,69,Full,Shallow
Little,357,8,1Cup,61,Full,Deep
Deep,421,1,ManyCups,70,Half,Deep
Deep,402,9,3Cups,61,Dark,Shallow
Deep,769,7,3Cups,75,Half,Shallow
Little,390,4,1Cup,63,Full,Deep
Deep,333,7,ManyCups,59,Full,Shallow
Deep,793,9,ManyCups,72,Dark,Shallow
Deep,262,7,1Cup,75,Half,Shallow
Deep,650,8,1Cup,70,Full,Shallow
Deep,653,4,ManyCups,60,Dark,Shallow
Deep,241,8,3Cups,70,Dark,Deep
Deep,681,7,1Cup,75,Dark,Deep
Deep,7,9,3Cups,60,Dark,Shallow
Deep,444,10,2Cups,67,Full,Shallow
Little,91,5,ManyCups,58,Full,Deep
Deep,685,4,3Cups,56,Dark,Shallow
Deep,379,6,1Cup,62,Half,Shallow
Deep,115,3,3Cups,62,Dark,Deep
Deep,263,8,1Cup,62,Dark,Deep
Deep,765,1,ManyCups,72,Full,Shallow
Deep,793,1,2Cups,67,Dark,Deep
Deep,394,9,1Cup,74,Dark,Deep
Little,626,8,1Cup,61,Full,Deep
Shallow,684,4,1Cup,73,Full,Deep
Deep,791,5,2Cups,74,Full,Deep
Deep,167,10,2Cups,55,Dark,Shallow
Deep,881,4,3Cups,55,Half,Shallow
Deep,942,6,2Cups,68,Full,Shallow
Deep,818,4,ManyCups,59,Dark,Deep
Deep,847,1,2Cups,67,Full,Shallow
Deep,620,4,2Cups,71,Full,Shallow
Deep,938,9,2Cups,55,Half,Shallow
Deep,578,4,2Cups,74,Dark,Shallow
Deep,87,1,ManyCups,58,Full,Shallow
Deep,819,9,1Cup,59,Full,Shallow
Deep,981,6,1Cup,75,Half,Shallow
Deep,836,6,3Cups,60,Half,Deep
Deep,559,3,ManyCups,55,Dark,Shallow
Shallow,55,10,1Cup,60,Dark,Deep
Deep,95,6,3Cups,57,Full,Shallow
Little,681,10,3Cups,63,Dark,Deep
Deep,920,4,1Cup,55,Half,Deep
Deep,478,7,1Cup,63,Half,Shallow
Deep,268,0,ManyCups,56,Dark,Deep
Deep,518,0,1Cup,63,Dark,Shallow
Deep,779,9,2Cups,67,Dark,Deep
Deep,347,1,2Cups,59,Dark,Shallow
Shallow,357,9,1Cup,57,Half,Deep
Deep,450,7,3Cups,66,Full,Shallow
Little,742,1,3Cups,58,Full,Deep
Little,9,6,3Cups,67,Full,Deep
Shallow,725,6,ManyCups,67,Dark,Shallow
Deep,742,10,ManyCups,56,Full,Shallow
Deep,307,7,1Cup,72,Half,Shallow
Deep,251,8,1Cup,71,Half,Shallow
Shallow,78,9,ManyCups,70,Dark,Deep
Deep,101,8,ManyCups,56,Half,Deep
Little,388,6,1Cup,71,Full,Deep
Deep,697,10,1Cup,64,Dark,Deep
Deep,990,1,ManyCups,55,Half,Deep
Deep,348,6,1Cup,55,Full,Shallow
Deep,842,1,2Cups,62,Half,Shallow
Deep,907,6,2Cups,66,Half,Shallow
Shallow,264,7,3Cups,64,Half,Shallow
Deep,753,9,3Cups,67,Full,Shallow
Deep,428,2,1Cup,64,Dark,Shallow
Little,884,10,ManyCups,63,Full,Deep
Little,615,10,ManyCups,61,Full,Deep
Shallow,144,10,3Cups,57,Dark,Deep
Deep,8,6,3Cups,75,Full,Shallow
Little,410,9,1Cup,61,Full,Deep
Deep,509,4,3Cups,61,Full,Shallow
Little,233,4,3Cups,64,Full,Deep
Deep,214,9,1Cup,61,Dark,Shallow
Deep,733,7,ManyCups,68,Half,Deep
Deep,414,6,ManyCups,56,Dark,Deep
Deep,698,1,ManyCups,75,Dark,Shallow
Deep,159,4,ManyCups,67,Dark,Shallow
Deep,902,5,ManyCups,72,Dark,Shallow
Deep,570,4,ManyCups,67,Half,Shallow
Shallow,54,4,1Cup,74,Dark,Shallow
Deep,211,7,1Cup,72,Dark,Shallow
Deep,540,4,3Cups,57,Half,Deep
Deep,121,9,ManyCups,75,Dark,Shallow
Little,27,3,1Cup,73,Full,Deep
Deep,39,9,3Cups,75,Dark,Shallow
Deep,317,8,2Cups,66,Half,Shallow
Deep,807,10,ManyCups,55,Half,Deep
Little,382,9,3Cups,66,Full,Deep
Deep,175,4,ManyCups,64,Dark,Deep
Deep,951,0,ManyCups,57,Dark,Shallow
Deep,379,9,2Cups,57,Full,Shallow
Deep,298,0,2Cups,64,Half,Shallow
Deep,391,0,2Cups,72,Full,Shallow
Little,796,10,ManyCups,55,Full,Deep
Shallow,74,10,3Cups,59,Dark,Deep
Deep,776,1,2Cups,61,Dark,Deep
Deep,759,5,ManyCups,59,Half,Deep
Deep,668,6,3Cups,73,Dark,Deep
Deep,252,2,ManyCups,67,Dark,Shallow
Deep,125,9,2Cups,71,Dark,Deep
Deep,527,8,2Cups,56,Dark,Deep
Little,862,3,2Cups,74,Full,Deep
Little,974,0,2Cups,59,Full,Deep
Deep,505,9,1Cup,72,Dark,Shallow
Deep,166,7,2Cups,63,Dark,Deep
Deep,682,0,1Cup,59,Full,Shallow
Deep,840,5,1Cup,55,Dark,Deep
Deep,289,9,3Cups,58,Dark,Shallow
Deep,883,1,ManyCups,65,Full,Shallow
Shallow,15,8,3Cups,56,Half,Deep
Little,760,6,1Cup,62,Dark,Deep
Deep,626,8,ManyCups,68,Half,Shallow
Deep,525,9,1Cup,68,Full,Deep
Shallow,84,6,2Cups,61,Dark,Deep
Deep,185,0,ManyCups,63,Dark,Shallow
Deep,976,2,3Cups,74,Half,Deep
Little,668,0,ManyCups,70,Full,Deep
Deep,765,3,3Cups,57,Dark,Shallow
Deep,130,6,2Cups,65,Dark,Shallow
Deep,782,2,ManyCups,72,Dark,Deep
Deep,926,1,2Cups,70,Dark,Deep
Little,336,2,ManyCups,63,Full,Deep
Deep,540,9,1Cup,71,Dark,Shallow
Deep,450,3,2Cups,72,Half,Shallow
Shallow,87,10,3Cups,59,Dark,Deep
Little,215,4,2Cups,71,Full,Deep
Deep,398,10,2Cups,56,Full,Shallow
Deep,231,6,ManyCups,57,Half,Deep
Deep,696,10,ManyCups,69,Dark,Deep
Deep,819,9,ManyCups,72,Half,Deep
Deep,317,1,2Cups,68,Dark,Shallow
Deep,906,0,2Cups,73,Half,Shallow
Deep,390,8,2Cups,58,Dark,Shallow
Deep,278,6,2Cups,71,Dark,Shallow
Deep,96,8,1Cup,55,Full,Shallow
Little,502,6,1Cup,65,Full,Deep
Deep,159,9,2Cups,58,Half,Deep
Little,273,0,2Cups,58,Full,Deep
Little,549,7,3Cups,62,Half,Deep
Deep,998,7,2Cups,70,Half,Deep
Deep,713,5,3Cups,70,Half,Shallow
Shallow,818,8,ManyCups,57,Half,Deep
Deep,728,2,3Cups,60,Half,Shallow
Deep,934,10,3Cups,56,Full,Shallow
Deep,688,7,ManyCups,75,Half,Shallow
Deep,473,2,1Cup,71,Half,Shallow
Little,653,3,1Cup,58,Full,Deep
Deep,666,5,1Cup,60,Dark,Shallow
Little,395,10,3Cups,62,Full,Deep
Shallow,76,1,ManyCups,75,Half,Shallow
Deep,477,8,ManyCups,71,Full,Shallow
Deep,987,9,3Cups,59,Half,Shallow
Shallow,30,2,ManyCups,55,Half,Shallow
Deep,810,9,ManyCups,63,Full,Shallow
Deep,981,9,1Cup,72,Full,Deep
Deep,875,8,2Cups,75,Half,Deep
Deep,860,10,3Cups,62,Half,Deep
Deep,806,9,1Cup,63,Dark,Deep
Shallow,28,5,1Cup,56,Dark,Deep
Deep,806,3,2Cups,57,Dark,Shallow
Deep,192,8,3Cups,57,Half,Shallow
Deep,307,6,2Cups,63,Dark,Shallow
Deep,425,4,ManyCups,63,Half,Shallow
Deep,965,3,ManyCups,60,Dark,Deep
Little,528,3,2Cups,58,Full,Shallow
Deep,763,3,ManyCups,66,Half,Shallow
Deep,910,0,ManyCups,65,Half,Deep
Deep,809,2,2Cups,68,Dark,Shallow
Deep,146,2,2Cups,73,Half,Shallow
Deep,350,3,1Cup,75,Half,Deep
Little,570,10,1Cup,56,Full,Deep
Deep,453,6,ManyCups,72,Half,Shallow
Deep,792,3,2Cups,71,Dark,Deep
Deep,236,6,2Cups,73,Half,Shallow
Deep,616,5,ManyCups,55,Half,Deep
Deep,822,6,2Cups,62,Dark,Shallow
Deep,226,1,3Cups,65,Full,Shallow
Deep,717,8,ManyCups,59,Full,Shallow
Deep,58,1,1Cup,57,Full,Shallow
Shallow,55,5,1Cup,69,Full,Deep
Deep,742,2,ManyCups,72,Dark,Deep
Deep,482,1,3Cups,61,Half,Shallow
Deep,559,4,1Cup,67,Half,Shallow
Little,987,1,3Cups,60,Full,Deep
Deep,94,7,ManyCups,74,Half,Shallow
Deep,711,1,ManyCups,61,Full,Shallow
Deep,754,5,ManyCups,74,Half,Shallow
Deep,21,6,3Cups,66,Full,Shallow
Deep,526,9,ManyCups,71,Half,Deep
Shallow,1,8,2Cups,67,Half,Deep
Little,597,10,3Cups,72,Full,Deep
Deep,881,2,1Cup,66,Half,Deep
Deep,655,9,ManyCups,71,Dark,Shallow
Deep,646,3,3Cups,59,Dark,Deep
Deep,937,5,3Cups,72,Half,Shallow
Deep,878,4,1Cup,62,Half,Shallow
Deep,382,10,1Cup,72,Dark,Shallow
Deep,660,7,3Cups,72,Half,Shallow
Deep,424,9,3Cups,60,Full,Shallow
Shallow,94,1,2Cups,57,Half,Deep
Little,738,8,1Cup,60,Full,Deep
Little,643,9,ManyCups,73,Full,Deep
Little,520,6,3Cups,72,Full,Deep
Little,929,3,3Cups,61,Full,Deep
Deep,707,6,1Cup,74,Full,Shallow
Deep,897,0,ManyCups,57,Half,Shallow
Deep,246,0,2Cups,64,Dark,Shallow
Deep,89,8,3Cups,73,Full,Shallow
Shallow,40,10,ManyCups,69,Dark,Deep
Little,404,7,3Cups,74,Full,Deep
Deep,954,6,2Cups,73,Half,Deep
Little,611,7,ManyCups,59,Full,Deep
Deep,422,3,ManyCups,69,Half,Shallow
Little,676,10,3Cups,71,Dark,Deep
Deep,300,4,1Cup,58,Dark,Deep
Little,270,10,ManyCups,57,Full,Deep
Deep,626,4,2Cups,64,Dark,Shallow
Deep,470,8,3Cups,67,Dark,Shallow
Shallow,77,5,2Cups,74,Dark,Shallow
Deep,743,3,ManyCups,55,Full,Shallow
Deep,549,3,ManyCups,63,Half,Deep
Deep,584,2,1Cup,62,Full,Shallow
Deep,877,5,3Cups,60,Half,Shallow
Shallow,62,3,3Cups,57,Dark,Deep
Deep,596,9,3Cups,62,Dark,Deep
Deep,491,3,ManyCups,73,Half,Deep
Deep,818,4,ManyCups,73,Dark,Shallow
Little,110,5,ManyCups,55,Half,Shallow
Little,165,8,ManyCups,55,Full,Shallow
Little,657,1,1Cup,62,Full,Deep
Deep,774,9,2Cups,60,Half,Shallow
Deep,653,2,ManyCups,69,Half,Deep
Deep,182,10,2Cups,61,Dark,Shallow
Shallow,92,2,3Cups,72,Dark,Shallow
Deep,28,4,ManyCups,63,Full,Shallow
Deep,961,1,2Cups,60,Dark,Shallow
Deep,395,4,2Cups,71,Half,Shallow
Deep,301,0,ManyCups,63,Dark,Deep
Deep,527,5,3Cups,65,Dark,Deep
Deep,3,7,1Cup,60,Dark,Shallow
Deep,824,2,2Cups,71,Full,Shallow
Deep,730,1,3Cups,58,Half,Deep
Deep,621,0,3Cups,55,Full,Shallow
Little,606,8,ManyCups,66,Full,Deep
Deep,705,2,2Cups,56,Dark,Deep
Deep,795,1,1Cup,62,Half,Shallow
Deep,644,10,1Cup,66,Full,Shallow
Deep,174,0,3Cups,59,Full,Shallow
Deep,739,9,2Cups,61,Dark,Shallow
Shallow,31,3,2Cups,69,Half,Deep
Little,898,7,ManyCups,67,Full,Deep
Deep,532,1,3Cups,75,Full,Shallow
Deep,751,5,3Cups,65,Half,Deep
Deep,769,9,1Cup,56,Half,Shallow
Little,139,3,1Cup,69,Full,Deep
Little,521,6,2Cups,68,Full,Deep
Little,460,3,3Cups,75,Full,Deep
Deep,357,3,2Cups,57,Dark,Shallow
Little,189,10,3Cups,71,Full,Deep
Deep,129,1,3Cups,71,Half,Shallow
Little,239,10,3Cups,69,Full,Deep
Little,756,3,3Cups,71,Half,Deep
Deep,600,2,2Cups,64,Dark,Shallow
Deep,759,1,ManyCups,61,Full,Shallow
Little,421,10,ManyCups,72,Full,Deep
Deep,31,7,2Cups,75,Half,Shallow
Little,171,2,2Cups,59,Full,Deep
Deep,876,5,3Cups,64,Half,Deep
Little,243,10,2Cups,61,Full,Deep
Deep,662,0,ManyCups,65,Full,Shallow
Deep,773,7,2Cups,60,Half,Shallow
Deep,899,0,1Cup,73,Dark,Deep
Deep,626,5,3Cups,67,Dark,Deep
Deep,125,4,1Cup,73,Half,Deep
Deep,668,10,1Cup,73,Half,Deep
Deep,906,5,2Cups,75,Dark,Shallow
Deep,42,7,2Cups,70,Half,Shallow
Little,643,9,3Cups,69,Full,Deep
Deep,643,5,2Cups,71,Dark,Deep
Little,38,7,3Cups,72,Full,Deep
Deep,103,6,ManyCups,58,Dark,Shallow
Deep,796,4,3Cups,64,Half,Deep
Deep,973,4,2Cups,66,Half,Shallow
Deep,629,8,2Cups,73,Half,Deep
Deep,469,10,2Cups,72,Full,Shallow
Little,32,9,3Cups,56,Full,Deep
Shallow,78,10,ManyCups,55,Half,Deep
Shallow,665,0,2Cups,63,Half,Deep
Deep,809,6,ManyCups,62,Half,Deep
Deep,908,2,3Cups,65,Half,Deep
Deep,552,2,1Cup,64,Half,Shallow
Deep,615,6,1Cup,67,Dark,Deep
Little,434,2,ManyCups,57,Full,Deep
Deep,121,9,3Cups,71,Dark,Deep
Little,45,1,ManyCups,57,Full,Deep
Deep,910,5,1Cup,56,Full,Shallow
Little,542,5,3Cups,75,Full,Deep
Deep,152,9,2Cups,55,Dark,Shallow
Little,868,4,2Cups,68,Full,Deep
Deep,90,7,ManyCups,62,Half,Shallow
Little,320,1,1Cup,69,Dark,Deep
Deep,546,1,1Cup,66,Full,Shallow
Little,690,9,1Cup,60,Full,Deep
Deep,134,10,ManyCups,60,Dark,Deep
Deep,588,5,ManyCups,60,Full,Shallow
Deep,851,4,2Cups,72,Dark,Shallow
Deep,35,7,1Cup,62,Full,Shallow
Deep,868,0,3Cups,69,Dark,Shallow
Deep,890,0,ManyCups,67,Dark,Deep
Deep,785,6,1Cup,60,Dark,Deep
Deep,105,10,1Cup,75,Half,Shallow
Deep,552,8,3Cups,74,Dark,Deep
Deep,839,5,2Cups,65,Dark,Deep
Deep,461,2,1Cup,70,Half,Deep
Little,425,9,2Cups,66,Half,Deep
Shallow,407,3,1Cup,72,Full,Shallow
Deep,777,2,1Cup,67,Dark,Shallow
Deep,37,6,3Cups,59,Dark,Shallow
Deep,862,1,ManyCups,71,Dark,Shallow
Deep,580,9,2Cups,65,Dark,Shallow
Deep,43,9,ManyCups,70,Half,Shallow
Little,131,5,3Cups,70,Full,Deep
Deep,8,1,2Cups,58,Full,Shallow
Deep,483,4,1Cup,72,Dark,Deep
Deep,267,10,ManyCups,55,Dark,Shallow
Deep,462,1,1Cup,60,Dark,Shallow
Deep,641,0,1Cup,59,Dark,Shallow
Deep,609,5,1Cup,57,Dark,Shallow
Deep,292,1,1Cup,67,Half,Shallow
Deep,404,3,ManyCups,72,Dark,Shallow
Deep,568,5,ManyCups,71,Half,Shallow
Shallow,559,2,2Cups,60,Half,Shallow
Little,785,4,1Cup,68,Full,Deep
Deep,889,2,1Cup,58,Dark,Shallow
Deep,288,7,3Cups,56,Half,Shallow
Deep,897,6,ManyCups,69,Half,Shallow
Deep,282,3,2Cups,67,Dark,Deep
Deep,979,1,2Cups,60,Full,Shallow
Shallow,71,4,3Cups,56,Half,Deep
Little,564,5,1Cup,67,Full,Deep
Shallow,64,10,3Cups,71,Dark,Deep
Deep,644,0,3Cups,58,Half,Shallow
Deep,879,9,1Cup,69,Half,Shallow
Deep,775,6,ManyCups,62,Half,Shallow
Deep,572,1,3Cups,67,Half,Shallow
Deep,216,5,ManyCups,57,Dark,Shallow
Deep,411,4,2Cups,60,Full,Shallow
Deep,332,8,2Cups,57,Dark,Shallow
Deep,155,9,1Cup,71,Dark,Shallow
Deep,318,10,3Cups,75,Dark,Shallow
Deep,41,6,1Cup,57,Dark,Shallow
Deep,119,6,ManyCups,66,Dark,Shallow
Deep,836,2,2Cups,71,Dark,Shallow
Deep,295,3,1Cup,75,Full,Shallow
Deep,898,7,ManyCups,64,Half,Deep
Deep,474,10,ManyCups,74,Half,Deep
Deep,366,1,2Cups,71,Dark,Deep
Little,0,1,1Cup,62,Full,Deep
Deep,320,4,2Cups,68,Half,Deep
Little,866,3,2Cups,70,Full,Deep
Little,823,9,3Cups,65,Full,Deep
Deep,464,7,3Cups,57,Dark,Deep
Deep,214,3,ManyCups,55,Full,Shallow
Deep,711,9,ManyCups,60,Half,Deep
Deep,548,3,2Cups,72,Full,Shallow
Deep,133,2,2Cups,63,Full,Shallow
Deep,195,8,ManyCups,69,Full,Shallow
Deep,385,9,1Cup,73,Half,Deep
Deep,276,3,3Cups,59,Full,Shallow
Little,619,5,3Cups,71,Full,Deep
Little,746,9,1Cup,64,Full,Deep
Deep,965,0,1Cup,62,Half,Deep
Deep,733,10,1Cup,66,Full,Shallow
Shallow,63,5,3Cups,55,Dark,Deep
Deep,1000,8,ManyCups,67,Half,Deep
Deep,833,7,2Cups,55,Dark,Shallow
Little,235,10,2Cups,62,Full,Deep
Little,200,1,3Cups,61,Full,Deep
Shallow,8,2,1Cup,69,Dark,Deep
Deep,906,3,3Cups,58,Full,Shallow
Deep,925,9,3Cups,56,Dark,Deep
Deep,596,1,ManyCups,60,Full,Shallow
Shallow,69,8,3Cups,63,Half,Deep
Little,935,10,2Cups,64,Full,Deep
Deep,193,6,3Cups,57,Half,Shallow
Deep,582,0,2Cups,71,Dark,Shallow
Deep,798,3,3Cups,75,Full,Shallow
Shallow,65,0,1Cup,68,Dark,Deep
Deep,113,0,2Cups,60,Dark,Shallow
Little,292,3,3Cups,60,Full,Deep
Deep,242,0,ManyCups,56,Half,Deep
Deep,856,9,3Cups,72,Dark,Shallow
Little,858,7,1Cup,56,Full,Deep
Deep,296,2,1Cup,73,Half,Deep
Deep,374,10,1Cup,58,Full,Shallow
Deep,761,4,3Cups,69,Half,Shallow
Deep,786,2,1Cup,65,Full,Shallow
Deep,958,4,3Cups,67,Half,Shallow
Deep,970,3,3Cups,62,Dark,Shallow
Deep,447,7,ManyCups,66,Half,Shallow
Deep,484,8,1Cup,75,Half,Shallow
Deep,917,10,2Cups,55,Dark,Shallow
Deep,136,6,3Cups,65,Half,Deep
Deep,697,8,1Cup,72,Dark,Shallow
Deep,152,8,3Cups,75,Half,Deep
Little,227,4,ManyCups,66,Full,Deep
Little,3,2,1Cup,63,Full,Deep
Deep,152,8,3Cups,56,Dark,Shallow
Deep,220,2,2Cups,72,Half,Shallow
Little,129,5,1Cup,56,Half,Shallow
Little,388,7,3Cups,71,Full,Deep
Deep,83,1,ManyCups,69,Full,Shallow
Deep,514,8,3Cups,75,Half,Deep
Deep,187,4,1Cup,57,Half,Deep
Deep,178,1,2Cups,70,Dark,Shallow
Deep,989,3,1Cup,56,Dark,Shallow
Deep,322,6,1Cup,70,Half,Shallow
Shallow,89,2,3Cups,75,Dark,Deep
Deep,125,6,ManyCups,58,Full,Shallow
Deep,848,4,ManyCups,55,Full,Shallow
Little,367,6,2Cups,65,Full,Deep
Deep,235,10,3Cups,56,Half,Shallow
Deep,87,0,2Cups,73,Full,Shallow
Deep,893,4,1Cup,67,Full,Shallow
Deep,827,4,2Cups,73,Full,Shallow
Deep,357,10,1Cup,64,Half,Deep
Deep,89,10,1Cup,72,Half,Shallow
Deep,166,2,1Cup,74,Full,Shallow
Deep,251,5,ManyCups,70,Half,Deep
Deep,726,3,ManyCups,60,Half,Shallow
Deep,626,5,2Cups,69,Half,Deep
Deep,847,10,3Cups,60,Full,Shallow
Deep,372,0,1Cup,55,Half,Deep
Deep,137,7,3Cups,58,Dark,Deep
Deep,606,8,2Cups,65,Dark,Deep
Deep,239,7,3Cups,59,Dark,Shallow
Deep,220,3,1Cup,55,Dark,Shallow
Little,366,6,3Cups,59,Full,Deep
Little,561,3,2Cups,74,Full,Deep
Little,168,10,2Cups,61,Full,Deep
Little,783,3,ManyCups,56,Full,Deep
Shallow,78,10,ManyCups,60,Half,Deep
Deep,674,9,3Cups,60,Half,Shallow
Deep,301,9,1Cup,62,Dark,Deep
Deep,882,3,1Cup,62,Dark,Deep
Deep,184,3,2Cups,75,Half,Deep
Deep,455,8,1Cup,74,Full,Shallow
Deep,263,1,1Cup,69,Half,Deep
Deep,400,6,ManyCups,68,Dark,Deep
Deep,720,8,1Cup,74,Half,Shallow
Deep,412,8,ManyCups,69,Dark,Shallow
Little,516,5,3Cups,55,Full,Shallow
Deep,46,6,ManyCups,55,Full,Shallow
Little,425,9,3Cups,65,Full,Deep
Deep,268,4,1Cup,74,Half,Deep
Deep,893,0,3Cups,66,Half,Deep
Little,380,2,ManyCups,55,Full,Deep
Deep,245,8,2Cups,75,Dark,Shallow
Deep,553,3,3Cups,58,Half,Deep
Little,965,6,2Cups,60,Full,Deep
Little,682,6,3Cups,63,Full,Deep
Deep,840,8,2Cups,60,Half,Deep
Deep,889,8,2Cups,69,Half,Shallow
Deep,689,5,1Cup,70,Half,Shallow
Shallow,53,1,2Cups,71,Dark,Deep
Deep,680,10,3Cups,66,Half,Deep
Deep,816,9,ManyCups,56,Dark,Shallow
Shallow,78,6,2Cups,56,Half,Deep
Little,112,0,ManyCups,58,Full,Deep
Deep,643,2,2Cups,67,Half,Shallow
Little,641,5,2Cups,71,Full,Deep
Deep,976,5,3Cups,65,Dark,Deep
Deep,876,8,ManyCups,67,Dark,Shallow
Deep,464,5,2Cups,66,Full,Shallow
Deep,786,10,3Cups,56,Half,Deep
Deep,568,4,1Cup,75,Dark,Deep
Deep,992,4,1Cup,70,Dark,Shallow
Little,495,0,2Cups,64,Full,Deep
Deep,141,2,2Cups,56,Half,Shallow
Deep,200,1,3Cups,74,Dark,Shallow
Deep,710,1,ManyCups,57,Dark,Deep
Deep,912,3,3Cups,63,Full,Shallow
Deep,55,10,1Cup,75,Full,Shallow
Deep,504,6,ManyCups,68,Dark,Shallow
Deep,668,1,1Cup,55,Full,Shallow
Deep,636,4,2Cups,64,Dark,Shallow
Shallow,553,10,1Cup,61,Full,Deep
Deep,947,1,1Cup,74,Half,Shallow
Deep,646,8,2Cups,61,Dark,Deep
Deep,842,8,1Cup,58,Half,Shallow
Deep,191,1,ManyCups,63,Dark,Deep
Little,851,10,3Cups,62,Full,Deep
Deep,324,3,2Cups,61,Dark,Shallow
Deep,780,4,3Cups,65,Half,Shallow
Deep,19,10,1Cup,55,Full,Shallow
Little,301,3,ManyCups,65,Full,Deep
Deep,867,5,3Cups,60,Full,Shallow
Little,392,0,2Cups,68,Full,Deep
Deep,672,4,2Cups,57,Full,Shallow
Little,190,7,3Cups,68,Full,Deep
Deep,598,1,3Cups,65,Full,Shallow
Deep,381,9,3Cups,70,Dark,Shallow
Deep,797,0,3Cups,75,Half,Shallow
Deep,495,7,ManyCups,64,Half,Deep
Deep,679,1,1Cup,75,Dark,Shallow
Deep,851,10,3Cups,69,Dark,Deep
Shallow,0,8,1Cup,57,Dark,Deep
Deep,647,5,1Cup,72,Full,Shallow
Deep,245,5,2Cups,55,Dark,Deep
Deep,511,0,3Cups,55,Dark,Deep
Deep,1,10,ManyCups,59,Half,Shallow
Deep,661,5,3Cups,60,Dark,Deep
Deep,767,0,ManyCups,63,Dark,Deep
Deep,5,8,1Cup,60,Full,Shallow
Deep,64,5,2Cups,65,Half,Deep
Deep,895,7,1Cup,66,Half,Shallow
Deep,612,3,2Cups,68,Half,Shallow
Deep,867,0,ManyCups,64,Half,Deep
Little,1,10,2Cups,74,Full,Deep
Deep,960,6,1Cup,74,Dark,Deep
Deep,223,5,1Cup,56,Half,Shallow
Deep,300,4,1Cup,63,Half,Shallow
Deep,783,3,ManyCups,61,Full,Shallow
Deep,664,9,3Cups,63,Full,Deep
Little,745,5,1Cup,69,Full,Deep
Deep,608,9,ManyCups,70,Half,Deep
Little,335,0,ManyCups,59,Full,Deep
Deep,837,8,2Cups,61,Full,Shallow
Deep,838,10,2Cups,68,Full,Shallow
Shallow,800,6,3Cups,61,Half,Deep
Deep,852,7,ManyCups,61,Half,Shallow
Deep,833,10,2Cups,72,Half,Shallow
Little,875,6,3Cups,66,Full,Deep
Deep,720,7,1Cup,67,Half,Deep
Deep,205,3,ManyCups,71,Full,Shallow
Deep,99,6,1Cup,56,Half,Shallow
Deep,815,0,ManyCups,58,Half,Deep
Shallow,42,2,2Cups,66,Half,Shallow
Deep,678,3,1Cup,71,Dark,Deep
Deep,842,4,ManyCups,63,Half,Shallow
Deep,922,5,3Cups,72,Dark,Deep
Deep,281,3,1Cup,57,Full,Shallow
Deep,465,3,3Cups,69,Dark,Shallow
Little,978,2,2Cups,62,Full,Deep
Shallow,841,6,2Cups,61,Half,Deep
Little,417,10,1Cup,69,Full,Deep
Deep,829,1,2Cups,73,Full,Shallow
Deep,249,1,3Cups,62,Dark,Shallow
Deep,749,5,3Cups,69,Dark,Deep
Deep,847,1,1Cup,57,Dark,Deep
Deep,21,10,2Cups,56,Dark,Shallow
Deep,511,1,1Cup,64,Dark,Deep
Deep,982,5,3Cups,73,Half,Deep
Little,347,6,2Cups,63,Full,Deep
Deep,382,10,1Cup,73,Half,Deep
Little,430,2,3Cups,75,Full,Deep
Deep,630,9,2Cups,74,Full,Shallow
Deep,515,1,3Cups,69,Full,Shallow
Deep,184,6,3Cups,56,Full,Shallow
Deep,688,3,ManyCups,73,Half,Deep
Deep,418,2,1Cup,58,Half,Shallow
Deep,230,2,ManyCups,66,Full,Shallow
Deep,129,10,ManyCups,63,Dark,Shallow
Deep,990,1,ManyCups,66,Dark,Deep
Deep,486,5,1Cup,73,Dark,Deep
Deep,503,3,1Cup,57,Half,Deep
Deep,137,9,1Cup,66,Half,Deep
Deep,830,6,1Cup,70,Dark,Deep
Deep,862,9,1Cup,73,Full,Shallow
Deep,405,0,3Cups,69,Dark,Deep
Deep,645,6,ManyCups,67,Full,Deep
Deep,445,10,3Cups,75,Dark,Shallow
Little,604,0,3Cups,69,Full,Deep
Deep,182,7,ManyCups,67,Full,Shallow
Deep,995,4,1Cup,75,Half,Shallow
Deep,239,6,1Cup,64,Half,Deep
Deep,721,6,ManyCups,67,Dark,Shallow
Deep,624,7,1Cup,59,Dark,Shallow
Little,406,6,1Cup,66,Full,Deep
Deep,978,6,1Cup,57,Half,Shallow
Little,247,2,1Cup,59,Full,Deep
Deep,540,4,1Cup,58,Half,Deep
Little,418,8,2Cups,65,Full,Deep
Little,194,2,3Cups,75,Full,Deep
Deep,353,1,2Cups,62,Half,Shallow
Shallow,51,0,2Cups,57,Dark,Deep
Little,837,8,3Cups,61,Full,Deep
Shallow,38,2,ManyCups,57,Dark,Shallow
Deep,839,8,1Cup,58,Full,Shallow
Deep,972,1,1Cup,72,Half,Shallow
Deep,542,1,2Cups,64,Dark,Deep
Deep,211,1,1Cup,65,Full,Shallow
Little,608,8,ManyCups,75,Full,Deep
Deep,555,4,ManyCups,58,Dark,Deep
Little,385,6,3Cups,69,Full,Deep
Shallow,828,10,3Cups,66,Dark,Shallow
Little,286,7,1Cup,68,Half,Shallow
Deep,77,6,1Cup,75,Dark,Shallow
Deep,499,3,2Cups,58,Full,Shallow
Deep,769,6,3Cups,74,Half,Shallow
Deep,444,1,ManyCups,56,Full,Shallow
Deep,18,6,3Cups,71,Full,Shallow
Deep,154,1,1Cup,66,Half,Shallow
Deep,502,3,2Cups,58,Half,Shallow
Deep,468,5,3Cups,70,Dark,Shallow
Little,613,4,ManyCups,69,Full,Deep
Deep,957,7,2Cups,71,Dark,Shallow
Deep,770,0,ManyCups,61,Dark,Shallow
Deep,599,5,3Cups,57,Dark,Shallow
Deep,571,2,2Cups,71,Half,Shallow
Deep,770,6,1Cup,63,Half,Deep
Deep,27,2,1Cup,75,Full,Shallow
Deep,431,6,ManyCups,65,Half,Deep
Deep,355,2,ManyCups,57,Half,Shallow
Deep,921,9,ManyCups,69,Dark,Shallow
Shallow,67,0,3Cups,63,Half,Shallow
Deep,167,7,3Cups,60,Half,Shallow
Deep,214,7,2Cups,75,Half,Shallow
Deep,564,4,ManyCups,73,Full,Shallow
Deep,492,5,3Cups,75,Half,Deep
Little,943,3,ManyCups,64,Full,Deep
Little,887,7,1Cup,73,Full,Deep
Shallow,51,1,ManyCups,62,Half,Shallow
Deep,982,8,ManyCups,66,Full,Shallow
Little,589,10,ManyCups,69,Full,Deep
Deep,346,10,1Cup,68,Dark,Shallow
Deep,917,4,3Cups,60,Dark,Shallow
Deep,965,2,1Cup,66,Half,Shallow
Deep,895,0,3Cups,75,Dark,Shallow
Deep,593,9,2Cups,72,Dark,Deep
Deep,990,5,2Cups,74,Half,Shallow
Shallow,8,8,ManyCups,60,Dark,Deep
Little,415,4,ManyCups,69,Full,Deep
Deep,671,9,3Cups,65,Half,Deep
Deep,482,8,3Cups,61,Dark,Deep
Deep,884,4,1Cup,74,Full,Shallow
Deep,799,8,3Cups,69,Half,Shallow
Little,878,4,2Cups,57,Half,Shallow
Deep,202,0,2Cups,55,Full,Shallow
Deep,232,6,1Cup,72,Dark,Deep
Deep,113,9,1Cup,73,Half,Shallow
Deep,381,10,2Cups,57,Half,Deep
Deep,37,10,ManyCups,75,Half,Shallow
Little,212,8,2Cups,55,Full,Deep
Little,949,10,ManyCups,64,Full,Deep
Deep,78,5,1Cup,67,Dark,Shallow
Deep,620,2,3Cups,60,Dark,Deep
Deep,967,3,1Cup,74,Dark,Deep
Deep,618,8,ManyCups,64,Dark,Deep
Deep,801,8,2Cups,68,Dark,Shallow
Deep,955,10,3Cups,65,Full,Shallow
Little,981,8,3Cups,64,Full,Deep
Deep,768,9,3Cups,66,Half,Shallow
Deep,70,3,2Cups,65,Full,Shallow
Little,74,1,ManyCups,71,Full,Deep
Deep,798,3,ManyCups,60,Full,Shallow
Deep,272,8,ManyCups,65,Full,Shallow
Deep,118,7,3Cups,55,Full,Shallow
Little,966,4,1Cup,62,Full,Deep
Deep,672,4,3Cups,57,Full,Deep
Little,904,1,3Cups,64,Full,Deep
Deep,746,3,ManyCups,68,Half,Deep
Deep,918,4,ManyCups,57,Half,Deep
Deep,846,5,1Cup,55,Dark,Shallow
Deep,923,0,2Cups,72,Dark,Shallow
Shallow,92,2,3Cups,67,Dark,Shallow
Deep,565,2,1Cup,69,Full,Shallow
Little,308,4,ManyCups,69,Full,Deep
Deep,435,3,1Cup,60,Dark,Shallow
Deep,538,5,3Cups,64,Dark,Shallow
Little,300,5,2Cups,71,Full,Deep
Deep,226,10,3Cups,65,Half,Deep
Little,717,0,3Cups,62,Full,Deep
Deep,248,10,1Cup,73,Half,Deep
Deep,907,9,3Cups,56,Full,Shallow
Shallow,21,3,2Cups,66,Half,Shallow
Deep,237,9,2Cups,64,Full,Shallow
Deep,765,8,2Cups,55,Full,Shallow
Little,215,8,1Cup,71,Full,Deep
Little,237,4,2Cups,71,Full,Deep
Deep,45,7,1Cup,67,Full,Shallow
Deep,937,10,1Cup,75,Dark,Deep
Deep,916,5,ManyCups,70,Full,Shallow
Deep,444,9,ManyCups,57,Half,Deep
Deep,673,3,2Cups,57,Half,Deep
Little,843,5,3Cups,73,Full,Deep
Little,524,2,1Cup,56,Full,Deep
Little,503,8,3Cups,71,Full,Deep
Deep,646,1,1Cup,63,Dark,Deep
Deep,523,0,1Cup,63,Dark,Shallow
Deep,973,4,2Cups,70,Dark,Deep
Deep,300,1,ManyCups,58,Full,Shallow
Deep,445,1,3Cups,74,Full,Shallow
Deep,995,1,3Cups,71,Full,Shallow
Deep,199,0,1Cup,66,Full,Shallow
Deep,725,0,3Cups,57,Dark,Deep
Deep,257,10,ManyCups,59,Full,Shallow
Little,576,9,3Cups,72,Full,Deep
Deep,554,10,ManyCups,62,Full,Shallow
Shallow,929,2,2Cups,61,Dark,Deep
Deep,674,10,3Cups,67,Dark,Deep
Deep,931,7,3Cups,71,Half,Deep
Deep,952,7,3Cups,73,Half,Shallow
Deep,390,1,3Cups,74,Full,Shallow
Deep,606,8,3Cups,63,Full,Shallow
Deep,546,1,3Cups,68,Half,Shallow
Deep,10,8,1Cup,57,Dark,Shallow
Deep,250,1,3Cups,72,Half,Shallow
Deep,407,6,2Cups,72,Dark,Shallow
Shallow,20,4,3Cups,61,Dark,Deep
Deep,203,7,2Cups,62,Dark,Deep
Deep,248,5,ManyCups,59,Dark,Shallow
Deep,853,1,2Cups,63,Half,Shallow
Little,185,8,3Cups,63,Full,Deep
Deep,161,3,1Cup,67,Full,Shallow
Deep,774,0,3Cups,73,Half,Shallow
Deep,140,8,1Cup,59,Half,Shallow
Deep,564,2,1Cup,70,Dark,Deep
Deep,920,4,2Cups,56,Half,Deep
Deep,409,1,ManyCups,61,Dark,Deep
Deep,529,2,3Cups,73,Half,Deep
Deep,290,9,3Cups,60,Dark,Deep
Deep,267,4,3Cups,65,Dark,Shallow
Deep,176,1,ManyCups,66,Full,Shallow
Little,788,8,3Cups,63,Full,Deep
Shallow,84,5,1Cup,75,Dark,Deep
Deep,706,0,3Cups,73,Full,Shallow
Deep,257,4,ManyCups,59,Full,Shallow
Deep,707,10,3Cups,74,Full,Shallow
Deep,859,6,ManyCups,57,Dark,Shallow
Deep,817,2,1Cup,60,Dark,Deep
Little,642,9,ManyCups,67,Full,Deep
Little,491,8,2Cups,72,Full,Deep
Little,992,8,3Cups,75,Full,Deep
Deep,264,5,3Cups,67,Dark,Shallow
Deep,476,8,3Cups,63,Half,Shallow
Deep,118,3,2Cups,56,Dark,Deep
Deep,975,0,1Cup,59,Half,Shallow
Deep,864,3,3Cups,71,Dark,Shallow
Deep,947,1,1Cup,74,Half,Shallow
Deep,880,6,1Cup,55,Half,Deep
Deep,835,3,2Cups,66,Half,Deep
Deep,347,0,1Cup,57,Dark,Shallow
Deep,676,8,2Cups,56,Half,Shallow
Deep,557,8,2Cups,59,Dark,Deep
Deep,4,0,2Cups,71,Full,Deep
Little,902,5,3Cups,72,Full,Deep
Deep,505,8,3Cups,58,Half,Deep
Little,15,5,1Cup,63,Full,Deep
Deep,191,3,2Cups,57,Half,Shallow
Deep,334,6,3Cups,73,Half,Shallow
Deep,964,0,3Cups,55,Half,Shallow
Little,450,5,1Cup,57,Half,Deep
Little,836,0,3Cups,68,Dark,Deep
Deep,787,1,3Cups,60,Half,Shallow
Deep,324,0,3Cups,70,Full,Shallow
Deep,30,9,ManyCups,74,Dark,Shallow
Deep,202,3,2Cups,62,Full,Shallow
Deep,233,0,1Cup,64,Dark,Shallow
Deep,800,1,2Cups,65,Half,Deep
Deep,937,4,3Cups,63,Full,Shallow
Deep,388,2,2Cups,56,Half,Deep
Deep,210,5,3Cups,56,Dark,Shallow
Deep,266,5,3Cups,61,Half,Shallow
Deep,896,1,2Cups,62,Dark,Shallow
Deep,727,7,3Cups,71,Dark,Shallow
Deep,446,8,2Cups,65,Half,Deep
Little,822,4,3Cups,74,Full,Deep
Deep,582,10,3Cups,72,Full,Shallow
Deep,378,1,3Cups,55,Half,Deep
Deep,277,10,3Cups,67,Half,Shallow
Little,266,5,1Cup,75,Full,Deep
Deep,878,0,3Cups,59,Full,Shallow
Shallow,27,8,1Cup,71,Half,Deep
Deep,832,1,1Cup,58,Half,Shallow
Deep,1000,5,2Cups,64,Half,Shallow
Deep,548,7,1Cup,59,Half,Shallow
Deep,39,4,3Cups,56,Full,Shallow
Deep,573,4,2Cups,74,Dark,Deep
Deep,230,2,3Cups,64,Dark,Deep
Deep,682,10,2Cups,71,Half,Shallow
Deep,134,5,ManyCups,61,Half,Shallow
Deep,956,3,3Cups,64,Dark,Shallow
Deep,475,3,ManyCups,74,Dark,Shallow
Deep,181,2,ManyCups,72,Half,Deep
Little,163,4,1Cup,71,Dark,Deep
Deep,0,7,ManyCups,65,Half,Shallow
Little,412,0,2Cups,67,Full,Deep
Deep,543,6,3Cups,58,Dark,Shallow
Deep,762,2,2Cups,74,Dark,Deep
Deep,909,4,ManyCups,66,Half,Deep
Deep,149,5,1Cup,74,Half,Deep
Deep,948,7,2Cups,55,Half,Deep
Deep,802,10,2Cups,72,Half,Deep
Little,228,6,ManyCups,75,Full,Deep
Deep,297,7,2Cups,70,Half,Deep
Deep,527,3,1Cup,58,Half,Shallow
Deep,188,1,1Cup,56,Half,Shallow
Little,335,3,2Cups,61,Full,Deep
Shallow,669,5,ManyCups,69,Full,Shallow
Little,585,1,3Cups,75,Full,Deep
Little,317,10,2Cups,61,Full,Deep
Deep,266,1,1Cup,71,Half,Shallow
Deep,2,2,2Cups,58,Full,Shallow
Shallow,802,8,2Cups,67,Half,Deep
Deep,639,0,1Cup,59,Full,Deep
Deep,392,2,ManyCups,58,Full,Shallow
Deep,799,7,ManyCups,65,Dark,Deep
Deep,779,0,3Cups,66,Half,Deep
Deep,993,7,3Cups,68,Full,Shallow
Deep,431,8,3Cups,74,Full,Shallow
Little,108,4,ManyCups,64,Full,Deep
Deep,214,7,2Cups,61,Half,Shallow
Deep,108,1,1Cup,65,Full,Shallow
Little,465,5,ManyCups,67,Full,Deep
Shallow,581,6,ManyCups,55,Dark,Shallow
Deep,132,6,3Cups,74,Dark,Shallow
Deep,968,7,1Cup,63,Dark,Deep
Deep,291,1,1Cup,59,Full,Shallow
Deep,760,8,ManyCups,75,Full,Shallow
Deep,834,8,ManyCups,70,Half,Shallow
Deep,143,8,1Cup,56,Half,Deep
Little,767,7,2Cups,55,Half,Shallow
Shallow,80,1,1Cup,62,Half,Deep
Deep,523,10,2Cups,61,Full,Shallow
Deep,753,7,3Cups,63,Dark,Deep
Little,287,10,1Cup,61,Full,Deep
Deep,528,2,1Cup,68,Dark,Shallow
Shallow,327,9,3Cups,71,Dark,Shallow
Deep,538,8,ManyCups,65,Half,Shallow
Deep,195,5,ManyCups,56,Full,Shallow
Deep,868,0,ManyCups,67,Half,Deep
Deep,349,1,3Cups,66,Full,Shallow
Deep,368,6,1Cup,58,Half,Shallow
Deep,549,5,3Cups,66,Half,Deep
Deep,889,2,3Cups,61,Dark,Deep
Deep,270,5,1Cup,70,Half,Deep
Little,758,2,ManyCups,57,Full,Deep
Shallow,53,3,2Cups,57,Half,Deep
Deep,250,4,3Cups,71,Half,Deep
Deep,545,10,2Cups,60,Dark,Deep
Deep,628,5,3Cups,73,Full,Shallow
Deep,920,7,3Cups,61,Dark,Shallow
Little,184,1,ManyCups,64,Full,Deep
Little,24,7,3Cups,70,Full,Deep
Deep,490,1,ManyCups,55,Dark,Deep
Deep,805,1,3Cups,73,Dark,Deep
Deep,190,2,3Cups,73,Full,Shallow
Deep,216,5,2Cups,66,Dark,Shallow
Deep,809,1,1Cup,59,Dark,Deep
Deep,990,8,1Cup,70,Half,Shallow
Deep,764,6,ManyCups,60,Full,Shallow
Deep,133,8,ManyCups,61,Dark,Shallow
Deep,452,5,1Cup,75,Dark,Deep
Deep,234,8,ManyCups,75,Full,Shallow
Little,765,8,2Cups,62,Full,Deep
Deep,733,10,ManyCups,64,Half,Shallow
Deep,394,6,1Cup,62,Half,Deep
Deep,246,1,ManyCups,55,Half,Shallow
Deep,202,10,ManyCups,65,Dark,Deep
Little,767,4,3Cups,73,Full,Deep
Deep,711,3,ManyCups,61,Dark,Shallow
Deep,633,4,ManyCups,61,Full,Shallow
Deep,164,0,3Cups,67,Full,Shallow
Little,349,3,2Cups,64,Full,Deep
Deep,119,5,ManyCups,55,Half,Shallow
Shallow,32,0,ManyCups,67,Half,Deep
Deep,108,5,1Cup,74,Half,Shallow
Little,50,2,2Cups,57,Full,Deep
Deep,795,4,1Cup,60,Dark,Deep
Little,770,6,3Cups,55,Full,Deep
Deep,337,1,3Cups,74,Dark,Shallow
Deep,96,6,2Cups,56,Full,Shallow
Deep,444,4,3Cups,67,Dark,Deep
Shallow,72,9,2Cups,55,Dark,Deep
Deep,350,3,3Cups,69,Dark,Shallow
Little,319,0,ManyCups,65,Full,Deep
Deep,85,5,3Cups,63,Dark,Shallow
Deep,741,0,1Cup,55,Half,Deep
Little,324,10,1Cup,60,Full,Deep
Deep,828,5,ManyCups,68,Half,Deep
Deep,866,9,2Cups,72,Half,Shallow
Deep,705,2,3Cups,66,Dark,Deep
Deep,401,4,2Cups,65,Full,Shallow
Deep,130,8,3Cups,63,Full,Shallow
Deep,286,10,3Cups,67,Dark,Deep
Deep,793,9,1Cup,71,Half,Deep
Deep,598,0,2Cups,62,Dark,Shallow
Deep,204,4,1Cup,66,Half,Deep
Deep,959,7,3Cups,65,Half,Deep
Deep,291,10,2Cups,62,Full,Shallow
Deep,733,9,3Cups,59,Half,Deep
Deep,235,9,ManyCups,58,Full,Shallow
Deep,555,9,2Cups,69,Half,Deep
Deep,253,4,3Cups,72,Dark,Shallow
Deep,528,1,2Cups,69,Half,Shallow
Deep,921,3,2Cups,61,Half,Shallow
Deep,120,10,2Cups,74,Dark,Deep
Deep,722,5,3Cups,68,Dark,Shallow
Deep,321,1,2Cups,65,Half,Deep
Little,225,2,1Cup,74,Full,Deep
Little,948,3,ManyCups,55,Full,Deep
Deep,853,2,2Cups,61,Half,Shallow
Little,251,2,3Cups,55,Full,Deep
Deep,817,9,3Cups,73,Full,Shallow
Shallow,28,4,1Cup,68,Dark,Deep
Shallow,91,1,2Cups,73,Dark,Deep
Deep,881,0,ManyCups,57,Dark,Deep
Deep,197,8,ManyCups,69,Full,Shallow
Little,292,1,ManyCups,55,Full,Deep
Deep,367,6,2Cups,64,Half,Shallow
Deep,685,6,1Cup,67,Half,Shallow
Deep,87,5,3Cups,70,Dark,Shallow
Deep,533,9,3Cups,60,Dark,Deep
Deep,250,5,ManyCups,70,Half,Deep
Shallow,85,10,2Cups,60,Dark,Deep
Deep,709,5,ManyCups,70,Half,Shallow
Deep,331,7,2Cups,72,Dark,Deep
Deep,413,9,1Cup,56,Full,Shallow
Little,891,3,2Cups,63,Full,Deep
Little,331,3,ManyCups,75,Full,Deep
Deep,925,3,2Cups,72,Half,Shallow
Deep,723,0,ManyCups,74,Half,Shallow
Deep,209,2,3Cups,55,Dark,Shallow
Deep,717,1,2Cups,62,Half,Shallow
Shallow,726,2,3Cups,59,Half,Deep
Little,996,4,3Cups,68,Half,Shallow
Deep,698,2,2Cups,65,Dark,Shallow
Deep,771,1,1Cup,64,Full,Shallow
Little,599,10,ManyCups,65,Full,Deep
Deep,145,1,2Cups,66,Dark,Deep
Little,734,3,1Cup,70,Full,Deep
Deep,427,3,ManyCups,66,Full,Deep
Little,65,8,ManyCups,63,Full,Deep
Deep,448,5,ManyCups,73,Half,Deep
Deep,391,9,1Cup,57,Dark,Deep
Deep,333,1,3Cups,66,Full,Shallow
Deep,426,6,2Cups,67,Half,Deep
Deep,700,1,3Cups,55,Full,Shallow
Deep,408,10,2Cups,55,Dark,Deep
Little,982,6,2Cups,74,Full,Deep
Deep,627,1,3Cups,57,Half,Shallow
Deep,173,0,3Cups,73,Half,Deep
Deep,405,0,2Cups,75,Full,Shallow
Deep,180,3,2Cups,70,Half,Shallow
Deep,171,6,3Cups,67,Full,Shallow
Deep,157,9,ManyCups,62,Full,Shallow
Deep,125,1,1Cup,73,Half,Deep
Shallow,37,4,1Cup,74,Dark,Deep
Deep,264,6,ManyCups,73,Dark,Deep
Little,430,6,ManyCups,59,Full,Deep
Deep,104,4,1Cup,65,Dark,Shallow
Deep,438,5,2Cups,63,Half,Shallow
Deep,882,9,2Cups,75,Dark,Deep
Deep,174,4,3Cups,73,Dark,Shallow
Deep,568,5,2Cups,75,Half,Deep
Deep,742,3,1Cup,72,Dark,Deep
Deep,406,4,2Cups,60,Half,Shallow
Shallow,7,3,ManyCups,57,Dark,Deep
Deep,570,8,1Cup,58,Dark,Deep
Little,969,8,1Cup,63,Full,Deep
Shallow,40,5,1Cup,73,Dark,Deep
Little,605,0,1Cup,60,Full,Deep
Deep,229,6,3Cups,59,Half,Deep
Deep,914,3,1Cup,68,Half,Deep
Little,998,4,ManyCups,71,Full,Deep
Deep,91,7,1Cup,70,Half,Shallow
Deep,137,2,3Cups,74,Half,Shallow
Little,165,4,3Cups,58,Full,Deep
Deep,260,5,ManyCups,56,Half,Shallow
Deep,124,10,3Cups,56,Half,Shallow
Deep,653,0,ManyCups,62,Half,Shallow
Deep,276,0,2Cups,58,Half,Deep
Deep,891,2,ManyCups,60,Half,Deep
Deep,971,6,2Cups,71,Full,Shallow
Deep,478,4,1Cup,72,Half,Shallow
Deep,928,6,3Cups,70,Dark,Shallow
Little,202,4,2Cups,72,Full,Deep
Deep,611,9,1Cup,55,Half,Shallow
Deep,261,10,1Cup,70,Dark,Shallow
Deep,373,5,ManyCups,61,Full,Shallow
Deep,829,2,1Cup,64,Dark,Shallow
Little,410,9,2Cups,60,Full,Deep
Deep,152,5,ManyCups,75,Dark,Deep
Deep,870,1,1Cup,65,Full,Shallow
Deep,769,4,2Cups,73,Dark,Shallow
Little,391,10,1Cup,70,Full,Deep
Deep,255,10,1Cup,73,Dark,Deep
Deep,334,8,3Cups,74,Full,Shallow
Deep,686,9,ManyCups,56,Half,Deep
Little,142,4,1Cup,62,Full,Deep
Little,488,5,1Cup,71,Full,Deep
Deep,762,2,2Cups,68,Half,Shallow
Shallow,834,10,ManyCups,74,Half,Shallow
Deep,746,2,3Cups,64,Dark,Deep
Deep,299,1,2Cups,57,Half,Shallow
Deep,848,6,3Cups,62,Half,Deep
Deep,98,9,ManyCups,75,Full,Shallow
Little,297,2,1Cup,68,Full,Deep
Deep,704,1,1Cup,59,Dark,Deep
Deep,720,1,3Cups,72,Full,Shallow
Deep,988,1,3Cups,62,Dark,Shallow
Deep,88,8,2Cups,65,Half,Shallow
Deep,880,10,1Cup,73,Dark,Deep
Deep,359,9,2Cups,73,Half,Deep
Deep,982,8,3Cups,70,Half,Deep
Deep,414,1,3Cups,66,Half,Shallow
Deep,174,4,1Cup,72,Dark,Deep
Deep,16,9,3Cups,67,Dark,Shallow
Deep,771,3,2Cups,55,Full,Shallow
Deep,402,0,ManyCups,69,Dark,Deep
Deep,515,1,2Cups,55,Full,Shallow
Deep,583,0,2Cups,73,Dark,Shallow
Deep,827,3,1Cup,71,Dark,Shallow
Deep,920,9,3Cups,67,Half,Shallow
Little,465,7,ManyCups,75,Full,Deep
Deep,71,0,2Cups,61,Full,Deep
Deep,258,5,2Cups,71,Half,Shallow
Deep,966,7,3Cups,67,Dark,Deep
Deep,386,2,ManyCups,59,Half,Shallow
Deep,730,0,1Cup,63,Dark,Deep
Little,858,6,1Cup,71,Full,Deep
Deep,402,1,1Cup,68,Dark,Shallow
Shallow,74,4,3Cups,61,Dark,Deep
Little,804,3,3Cups,62,Full,Deep
Little,823,5,ManyCups,71,Full,Deep
Deep,293,7,ManyCups,71,Dark,Deep
Deep,9,2,ManyCups,68,Full,Shallow
Deep,266,3,ManyCups,68,Half,Shallow
Deep,480,6,ManyCups,65,Half,Deep
Shallow,7,5,3Cups,59,Dark,Deep
Deep,905,2,2Cups,66,Half,Deep
Deep,318,9,1Cup,65,Dark,Shallow
Little,527,0,1Cup,68,Full,Deep
Deep,518,6,1Cup,55,Half,Deep
Deep,211,8,3Cups,65,Half,Shallow
Deep,506,10,3Cups,62,Half,Deep
Deep,881,7,3Cups,56,Half,Deep
Deep,996,7,1Cup,74,Dark,Deep
Deep,642,10,3Cups,63,Dark,Deep
Deep,701,4,1Cup,59,Dark,Shallow
Little,371,10,1Cup,55,Full,Deep
Shallow,14,0,2Cups,61,Dark,Shallow
Deep,305,9,2Cups,63,Dark,Shallow
Deep,290,3,3Cups,68,Half,Deep
Deep,436,0,ManyCups,57,Half,Shallow
Deep,543,1,2Cups,74,Half,Deep
Deep,976,7,ManyCups,64,Dark,Deep
Deep,412,3,1Cup,71,Half,Shallow
Little,368,3,1Cup,63,Full,Deep
Deep,798,3,3Cups,74,Half,Deep
Deep,275,1,2Cups,57,Half,Shallow
Deep,277,5,3Cups,68,Full,Deep
Deep,567,4,1Cup,56,Dark,Shallow
Deep,676,5,2Cups,74,Half,Shallow
Deep,454,8,2Cups,65,Half,Deep
Deep,585,10,ManyCups,58,Half,Shallow
Deep,411,0,1Cup,73,Dark,Shallow
Deep,587,0,3Cups,75,Full,Shallow
Deep,419,6,2Cups,74,Dark,Shallow
Deep,187,0,2Cups,58,Half,Shallow
Shallow,52,9,3Cups,60,Dark,Deep
Deep,863,1,2Cups,73,Half,Deep
Deep,823,0,2Cups,55,Dark,Shallow
Deep,278,7,2Cups,74,Half,Deep
Deep,678,0,ManyCups,73,Half,Deep
Deep,626,5,2Cups,69,Half,Deep
Shallow,28,6,2Cups,55,Half,Deep
Deep,906,3,ManyCups,61,Half,Deep
Shallow,39,4,2Cups,67,Half,Shallow
Deep,153,8,ManyCups,56,Dark,Deep
Deep,304,7,ManyCups,74,Half,Deep
Shallow,75,8,ManyCups,62,Dark,Deep
Deep,574,2,2Cups,60,Half,Deep
Shallow,34,8,3Cups,61,Dark,Deep
Deep,187,8,3Cups,73,Half,Deep
Deep,594,10,1Cup,73,Half,Shallow
Deep,871,4,3Cups,70,Half,Deep
Deep,257,1,ManyCups,57,Half,Deep
Little,485,7,2Cups,57,Full,Deep
Little,447,4,3Cups,61,Full,Deep
Deep,582,9,3Cups,58,Half,Deep
Deep,646,0,2Cups,68,Half,Deep
Deep,602,10,2Cups,62,Dark,Deep
Deep,916,8,ManyCups,63,Dark,Shallow
Deep,604,1,ManyCups,55,Dark,Deep
Deep,6,6,3Cups,73,Half,Shallow
Little,392,4,ManyCups,68,Full,Deep
Deep,700,3,2Cups,71,Dark,Shallow
Deep,817,3,3Cups,63,Half,Shallow
Deep,923,8,ManyCups,70,Half,Deep
Little,229,9,1Cup,70,Full,Deep
Deep,896,6,3Cups,65,Full,Shallow
Deep,356,3,2Cups,64,Half,Deep
Deep,691,10,2Cups,69,Dark,Shallow
Deep,455,7,2Cups,63,Dark,Shallow
Deep,993,3,ManyCups,73,Half,Deep
Deep,883,9,ManyCups,59,Dark,Shallow
Deep,410,3,3Cups,64,Dark,Deep
Deep,218,3,1Cup,64,Half,Deep
Deep,91,9,2Cups,55,Half,Shallow
Deep,462,9,3Cups,60,Dark,Shallow
Little,738,8,2Cups,70,Full,Deep
Deep,805,9,1Cup,65,Dark,Deep
Deep,946,0,3Cups,56,Half,Shallow
Deep,803,5,1Cup,71,Dark,Shallow
Little,957,5,ManyCups,69,Full,Deep
Little,940,5,1Cup,75,Full,Deep
Deep,681,1,2Cups,62,Full,Shallow
Deep,289,0,ManyCups,60,Dark,Deep
Deep,99,5,1Cup,63,Dark,Shallow
Deep,689,0,2Cups,69,Full,Shallow
Little,7,5,ManyCups,72,Full,Deep
Deep,59,6,1Cup,62,Dark,Shallow
Little,28,10,2Cups,71,Full,Deep
Deep,668,0,2Cups,72,Full,Shallow
Deep,550,6,ManyCups,63,Half,Deep
Deep,898,1,2Cups,67,Dark,Deep
Little,54,2,2Cups,67,Full,Deep
Deep,671,2,1Cup,60,Dark,Shallow
Deep,913,1,ManyCups,62,Half,Shallow
Little,303,10,2Cups,61,Full,Deep
Deep,951,8,2Cups,56,Dark,Deep
Deep,878,5,1Cup,75,Dark,Shallow
Little,528,2,1Cup,69,Full,Deep
Deep,706,9,2Cups,55,Half,Deep
Deep,448,10,2Cups,74,Half,Shallow
Little,311,0,ManyCups,61,Full,Deep
Deep,130,2,3Cups,75,Full,Shallow
Deep,424,7,ManyCups,68,Full,Shallow
Deep,294,5,1Cup,57,Dark,Deep
Deep,3,10,1Cup,65,Dark,Shallow
Deep,683,3,1Cup,63,Half,Shallow
Deep,164,1,3Cups,60,Dark,Shallow
Deep,950,10,3Cups,63,Half,Shallow
Deep,559,7,1Cup,73,Full,Shallow
Deep,686,9,ManyCups,65,Half,Shallow
Deep,799,10,3Cups,62,Dark,Deep
Deep,883,0,1Cup,73,Full,Shallow
Deep,336,9,1Cup,73,Dark,Shallow
Deep,781,10,ManyCups,73,Half,Deep
Deep,421,2,3Cups,67,Half,Shallow
Deep,334,3,3Cups,58,Dark,Deep
Little,737,6,2Cups,71,Full,Deep
Deep,956,3,ManyCups,62,Dark,Deep
Deep,185,2,1Cup,62,Dark,Deep
Deep,2,7,3Cups,69,Dark,Shallow
Little,999,6,2Cups,74,Full,Deep
Deep,154,2,3Cups,74,Full,Shallow
Deep,971,6,2Cups,64,Dark,Shallow
Deep,344,8,1Cup,67,Half,Deep
Deep,422,5,1Cup,73,Dark,Deep
Deep,983,5,2Cups,57,Half,Deep
Shallow,4,1,2Cups,68,Half,Deep
Deep,585,5,ManyCups,63,Half,Deep
Little,896,4,ManyCups,58,Full,Deep
Deep,613,10,2Cups,63,Dark,Deep
Deep,971,4,ManyCups,58,Dark,Deep
Deep,667,2,2Cups,62,Full,Shallow
Deep,785,7,1Cup,57,Dark,Deep
Deep,834,1,ManyCups,74,Half,Shallow
Deep,768,6,3Cups,71,Dark,Shallow
Little,115,2,ManyCups,63,Full,Deep
Deep,678,4,2Cups,55,Dark,Deep
Little,492,10,2Cups,66,Full,Deep
Deep,224,6,3Cups,69,Dark,Shallow
Deep,590,8,3Cups,59,Dark,Shallow
Deep,910,8,ManyCups,68,Full,Shallow
Little,372,2,1Cup,66,Full,Deep
Deep,331,8,3Cups,74,Half,Shallow
Shallow,62,5,ManyCups,73,Half,Deep
Deep,808,2,ManyCups,68,Dark,Deep
Deep,954,7,ManyCups,64,Dark,Shallow
Little,96,0,1Cup,64,Full,Deep
Deep,483,3,3Cups,75,Half,Deep
Deep,446,3,3Cups,65,Half,Deep
Deep,456,2,ManyCups,60,Dark,Deep
Deep,686,7,3Cups,75,Half,Shallow
Deep,674,7,2Cups,65,Dark,Deep
Little,771,7,1Cup,56,Full,Deep
Deep,384,5,ManyCups,64,Dark,Shallow
Deep,70,7,3Cups,67,Full,Shallow
Deep,976,10,1Cup,56,Dark,Shallow
Little,527,2,ManyCups,69,Full,Deep
Deep,267,0,2Cups,63,Half,Deep
Little,385,4,2Cups,61,Full,Deep
Deep,830,8,3Cups,56,Half,Deep
Deep,572,4,3Cups,60,Full,Shallow
Deep,458,5,1Cup,60,Half,Deep
Deep,839,6,1Cup,70,Dark,Deep
Little,531,3,1Cup,56,Full,Deep
Little,357,9,1Cup,55,Full,Deep
Deep,133,7,1Cup,55,Dark,Shallow
Little,613,7,3Cups,55,Full,Deep
Deep,383,7,ManyCups,66,Half,Deep
Little,595,2,1Cup,56,Full,Deep
Deep,903,2,2Cups,55,Full,Shallow
Deep,945,9,ManyCups,59,Full,Shallow
Deep,519,8,3Cups,75,Half,Shallow
Deep,255,2,ManyCups,55,Full,Shallow
Deep,279,3,3Cups,56,Half,Shallow
Little,588,8,ManyCups,75,Full,Deep
Deep,194,7,3Cups,59,Dark,Shallow
Little,40,0,3Cups,72,Full,Deep
Little,856,10,2Cups,71,Half,Shallow
Deep,693,8,2Cups,75,Half,Deep
Little,4,4,2Cups,69,Full,Deep
Deep,513,4,ManyCups,63,Full,Shallow
Deep,39,0,ManyCups,68,Full,Shallow
Little,946,3,1Cup,56,Full,Deep
Deep,317,1,3Cups,65,Full,Shallow
Deep,239,8,3Cups,61,Dark,Shallow
Deep,155,8,1Cup,56,Half,Shallow
Little,475,0,2Cups,74,Full,Deep
Deep,72,7,ManyCups,60,Full,Shallow
Deep,739,10,2Cups,59,Half,Shallow
Deep,532,9,ManyCups,70,Dark,Shallow
Deep,595,1,1Cup,63,Full,Shallow
Deep,507,8,2Cups,59,Half,Shallow
Deep,754,10,ManyCups,72,Full,Shallow
Shallow,281,9,ManyCups,73,Full,Shallow
Deep,931,5,ManyCups,65,Dark,Deep
Deep,467,5,3Cups,75,Half,Shallow
Deep,792,5,3Cups,59,Dark,Shallow
Deep,880,0,ManyCups,58,Full,Shallow
Little,749,1,3Cups,70,Full,Deep
Little,169,3,2Cups,69,Full,Deep
Little,714,5,3Cups,65,Full,Deep
Deep,164,4,1Cup,65,Half,Shallow
Deep,666,3,1Cup,74,Half,Deep
Deep,149,9,3Cups,75,Full,Shallow
Deep,176,1,3Cups,69,Half,Shallow
Deep,662,2,1Cup,59,Full,Shallow
Deep,817,2,ManyCups,55,Dark,Deep
Little,401,2,3Cups,68,Full,Deep
Shallow,6,2,ManyCups,66,Half,Shallow
Deep,790,3,ManyCups,71,Dark,Deep
Deep,840,5,ManyCups,67,Half,Shallow
Deep,948,9,1Cup,63,Dark,Deep
Deep,75,10,3Cups,61,Half,Shallow
Deep,24,2,3Cups,71,Full,Shallow
Little,424,0,ManyCups,68,Full,Shallow
Shallow,675,2,2Cups,69,Dark,Deep
Deep,814,10,3Cups,70,Full,Shallow
Little,686,10,1Cup,69,Dark,Shallow
Little,349,0,1Cup,61,Full,Deep
Deep,134,4,ManyCups,71,Dark,Deep
Deep,277,0,3Cups,69,Dark,Deep
Deep,616,6,2Cups,58,Half,Deep
Little,26,10,ManyCups,75,Full,Deep
Deep,327,10,1Cup,63,Half,Deep
Deep,381,9,3Cups,56,Half,Deep
Little,9,6,ManyCups,66,Full,Deep
Deep,387,2,2Cups,72,Dark,Deep
Little,283,9,ManyCups,74,Full,Deep
Deep,209,9,3Cups,63,Dark,Deep
Deep,353,5,1Cup,70,Dark,Shallow
Deep,121,0,1Cup,63,Half,Deep
Deep,125,10,2Cups,73,Half,Shallow
Deep,585,5,ManyCups,55,Full,Shallow
Little,24,6,1Cup,58,Full,Deep
Deep,150,4,1Cup,72,Half,Shallow
Deep,21,7,3Cups,74,Full,Shallow
Deep,576,3,3Cups,64,Half,Shallow
Shallow,18,10,3Cups,56,Half,Deep
Deep,445,4,2Cups,61,Dark,Deep
Little,252,0,ManyCups,63,Full,Deep
Deep,635,8,3Cups,72,Dark,Shallow
Deep,601,6,1Cup,70,Dark,Shallow
Deep,110,9,2Cups,59,Half,Shallow
Shallow,126,8,1Cup,75,Full,Shallow
Deep,199,6,3Cups,68,Dark,Deep
Little,703,3,3Cups,65,Full,Shallow
Deep,383,5,ManyCups,62,Half,Deep
Shallow,2,4,2Cups,66,Dark,Shallow
Little,19,10,1Cup,67,Full,Deep
Deep,462,4,1Cup,69,Full,Shallow
Deep,47,6,1Cup,65,Half,Shallow
Deep,175,4,ManyCups,57,Dark,Shallow
Deep,395,0,2Cups,67,Dark,Deep
Deep,578,9,ManyCups,70,Half,Deep
Little,605,6,2Cups,71,Dark,Deep
Deep,689,0,3Cups,72,Half,Shallow
Deep,266,8,3Cups,74,Full,Shallow
Deep,869,1,3Cups,59,Half,Deep
Deep,739,3,2Cups,72,Half,Deep
Little,67,6,2Cups,64,Full,Deep
Deep,268,0,3Cups,73,Half,Deep
Deep,313,10,2Cups,64,Dark,Shallow
Deep,294,6,3Cups,67,Full,Shallow
Little,813,0,ManyCups,60,Full,Deep
Deep,207,7,ManyCups,67,Dark,Deep
Deep,915,10,ManyCups,73,Dark,Shallow
Deep,441,4,2Cups,68,Half,Deep
Deep,319,10,3Cups,59,Half,Deep
Shallow,247,3,2Cups,56,Full,Deep
Little,578,8,2Cups,67,Full,Deep
Deep,500,10,1Cup,66,Half,Deep
Little,485,7,3Cups,69,Full,Deep
Deep,520,6,2Cups,74,Half,Deep
Deep,698,10,3Cups,61,Full,Shallow
Shallow,23,0,1Cup,58,Half,Deep
Deep,260,0,ManyCups,57,Full,Shallow
Deep,499,6,2Cups,74,Half,Deep
Deep,116,0,2Cups,68,Full,Shallow
Deep,117,0,3Cups,72,Dark,Shallow
Deep,143,5,1Cup,58,Full,Shallow
Deep,271,9,1Cup,58,Dark,Shallow
Deep,775,8,ManyCups,72,Full,Shallow
Deep,912,8,3Cups,57,Full,Shallow
Deep,612,6,2Cups,65,Half,Shallow
Deep,173,8,ManyCups,58,Half,Shallow
Deep,275,7,2Cups,67,Full,Shallow
Deep,608,5,3Cups,55,Dark,Deep
Deep,172,2,1Cup,64,Dark,Deep
Deep,895,6,2Cups,63,Half,Shallow
Little,632,2,2Cups,73,Full,Deep
Deep,427,4,1Cup,64,Dark,Shallow
Deep,184,10,1Cup,64,Full,Shallow
Shallow,68,1,2Cups,69,Dark,Deep
Deep,28,5,1Cup,71,Dark,Shallow
Deep,335,2,1Cup,70,Dark,Shallow
Deep,855,1,3Cups,69,Full,Shallow
Deep,521,3,2Cups,68,Dark,Shallow
Little,63,10,1Cup,71,Full,Deep
Little,139,4,1Cup,61,Full,Deep
Shallow,93,9,ManyCups,64,Dark,Deep
Deep,564,1,ManyCups,60,Half,Shallow
Deep,295,6,3Cups,73,Half,Shallow
Deep,525,6,2Cups,72,Dark,Shallow
Little,216,7,3Cups,58,Full,Deep
Little,966,8,2Cups,69,Full,Deep
Deep,952,8,1Cup,69,Half,Deep
Deep,624,3,2Cups,64,Half,Deep
Deep,499,6,3Cups,66,Dark,Deep
Deep,939,7,2Cups,64,Dark,Shallow
Shallow,88,5,3Cups,58,Dark,Deep
Deep,821,9,2Cups,59,Dark,Deep
Deep,910,7,3Cups,69,Dark,Shallow
Deep,211,10,2Cups,60,Dark,Deep
Deep,751,6,ManyCups,63,Half,Deep
Deep,25,9,ManyCups,59,Dark,Shallow
Deep,368,0,3Cups,73,Full,Shallow
Deep,167,5,2Cups,65,Dark,Deep
Shallow,76,0,2Cups,68,Half,Shallow
Little,532,7,2Cups,62,Full,Deep
Little,813,2,1Cup,65,Full,Deep
Deep,126,0,1Cup,58,Dark,Shallow
Deep,185,6,ManyCups,75,Full,Shallow
Deep,248,8,2Cups,74,Dark,Shallow
Little,839,9,1Cup,73,Full,Deep
Deep,574,4,1Cup,74,Half,Deep
Deep,313,0,2Cups,58,Full,Shallow
Deep,755,9,ManyCups,60,Half,Deep
Deep,586,5,ManyCups,63,Dark,Deep
Deep,934,6,1Cup,68,Half,Shallow
Deep,399,1,3Cups,61,Full,Shallow
Shallow,14,3,1Cup,68,Dark,Deep
Deep,406,6,2Cups,71,Half,Deep
Shallow,80,2,2Cups,59,Dark,Shallow
Deep,784,3,3Cups,75,Half,Deep
Deep,910,7,2Cups,71,Dark,Shallow
Shallow,190,7,1Cup,74,Dark,Shallow
Deep,358,6,3Cups,55,Dark,Deep
Little,899,1,1Cup,71,Full,Deep
Deep,920,10,1Cup,60,Half,Shallow
Little,928,8,ManyCups,68,Full,Shallow
Deep,738,1,ManyCups,63,Dark,Deep
Little,611,1,ManyCups,66,Full,Deep
Little,168,3,3Cups,63,Full,Deep
Little,349,5,3Cups,73,Full,Deep
Little,909,2,3Cups,61,Full,Deep
Deep,393,5,1Cup,56,Full,Shallow
Shallow,391,6,1Cup,61,Dark,Shallow
Deep,968,5,2Cups,68,Full,Shallow
Little,507,4,3Cups,72,Full,Deep
Shallow,949,9,ManyCups,61,Dark,Shallow
Shallow,428,3,1Cup,75,Half,Deep
Deep,798,9,2Cups,56,Half,Deep
Deep,694,2,3Cups,63,Full,Shallow
Deep,893,1,3Cups,57,Full,Shallow
Deep,141,1,2Cups,58,Full,Shallow
Little,435,4,1Cup,75,Full,Deep
Deep,958,4,2Cups,58,Half,Shallow
Little,990,9,ManyCups,74,Full,Deep
Deep,594,2,1Cup,61,Dark,Deep
Shallow,91,2,2Cups,60,Half,Shallow
Deep,301,8,3Cups,60,Half,Deep
Deep,865,10,2Cups,70,Half,Deep
Deep,39,9,2Cups,58,Full,Shallow
Shallow,79,2,2Cups,69,Half,Deep
Deep,587,10,1Cup,65,Dark,Shallow
Deep,531,3,1Cup,63,Half,Shallow
Deep,735,9,3Cups,60,Half,Shallow
Deep,461,5,3Cups,66,Dark,Shallow
Deep,157,2,3Cups,68,Full,Shallow
Little,431,4,3Cups,62,Full,Deep
Deep,836,8,3Cups,57,Half,Shallow
Shallow,550,9,2Cups,71,Half,Shallow
Shallow,661,0,ManyCups,72,Half,Shallow
Shallow,88,6,2Cups,64,Half,Deep
Shallow,30,2,1Cup,60,Half,Shallow
Deep,781,9,3Cups,56,Half,Shallow
Little,665,10,3Cups,71,Full,Deep
Little,302,5,3Cups,64,Full,Deep
Little,348,7,1Cup,73,Half,Deep
Deep,891,0,2Cups,71,Dark,Shallow
Little,618,1,ManyCups,74,Full,Deep
Little,839,4,1Cup,75,Full,Deep
Deep,537,2,ManyCups,60,Full,Shallow
Deep,521,9,1Cup,62,Full,Shallow
Little,781,8,2Cups,58,Full,Deep
Deep,262,4,2Cups,64,Dark,Shallow
Deep,150,8,ManyCups,75,Dark,Deep
Deep,107,2,ManyCups,65,Dark,Shallow
Little,118,3,3Cups,73,Full,Deep
Deep,489,7,ManyCups,55,Dark,Deep
Deep,7,9,3Cups,70,Half,Shallow
Deep,75,10,3Cups,68,Full,Shallow
Deep,608,5,3Cups,70,Half,Shallow
Deep,947,9,3Cups,67,Half,Deep
Deep,643,7,2Cups,72,Dark,Shallow
Deep,569,3,2Cups,56,Half,Deep
Deep,953,3,2Cups,61,Dark,Deep
Shallow,9,5,1Cup,67,Dark,Deep
Shallow,140,3,ManyCups,68,Dark,Shallow
Little,383,5,2Cups,69,Full,Deep
Deep,15,10,2Cups,69,Dark,Shallow
Deep,256,7,1Cup,59,Full,Shallow
Deep,794,8,ManyCups,59,Dark,Shallow
Deep,250,4,1Cup,74,Dark,Shallow
Deep,114,8,1Cup,60,Half,Shallow
Deep,891,1,2Cups,58,Dark,Deep
Deep,440,3,2Cups,67,Dark,Shallow
Deep,495,9,1Cup,75,Half,Shallow
Deep,370,10,ManyCups,71,Half,Shallow
Deep,658,10,1Cup,73,Dark,Shallow
Deep,452,3,2Cups,65,Dark,Deep
Deep,292,7,2Cups,63,Full,Shallow
Deep,738,0,3Cups,65,Half,Deep
Deep,457,10,ManyCups,57,Half,Shallow
Deep,148,8,1Cup,63,Half,Deep
Deep,504,8,3Cups,73,Half,Deep
Little,520,0,ManyCups,57,Full,Deep
Deep,929,7,2Cups,55,Dark,Shallow
Deep,897,9,ManyCups,61,Full,Shallow
Deep,886,3,3Cups,72,Half,Deep
Deep,809,10,2Cups,55,Dark,Shallow
Deep,880,8,1Cup,73,Dark,Shallow
Deep,824,9,ManyCups,69,Half,Shallow
Shallow,934,10,3Cups,58,Half,Shallow
Deep,465,10,2Cups,68,Half,Deep
Deep,479,8,1Cup,75,Full,Shallow
Deep,107,4,ManyCups,72,Half,Deep
Deep,628,10,1Cup,68,Full,Shallow
Shallow,54,4,2Cups,62,Dark,Deep
Deep,49,7,3Cups,57,Dark,Shallow
Deep,187,6,ManyCups,68,Dark,Deep
Deep,679,10,1Cup,70,Dark,Shallow
Deep,484,10,1Cup,59,Dark,Deep
Deep,802,1,2Cups,61,Dark,Deep
Deep,647,8,1Cup,74,Full,Shallow
Little,697,2,3Cups,57,Full,Deep
Little,564,3,2Cups,74,Full,Deep
Little,388,7,2Cups,66,Full,Deep
Deep,752,3,ManyCups,57,Half,Shallow
Deep,948,9,3Cups,63,Full,Shallow
Deep,283,8,3Cups,71,Full,Shallow
Deep,348,4,2Cups,69,Full,Shallow
Deep,741,4,3Cups,60,Half,Shallow
Deep,821,9,3Cups,66,Half,Shallow
Deep,665,6,3Cups,63,Dark,Shallow
Deep,12,6,ManyCups,75,Dark,Shallow
Deep,584,7,3Cups,62,Half,Deep
Deep,313,2,2Cups,58,Full,Shallow
Deep,705,3,2Cups,66,Half,Deep
Deep,945,5,ManyCups,56,Dark,Shallow
Deep,970,3,1Cup,58,Dark,Deep
Deep,489,4,1Cup,73,Full,Shallow
Little,170,8,2Cups,61,Full,Deep
